name,inLegends,source,position,nationality,teams,career,themes,requiredTeams,flags
Adriano Imperador,false,fallback,Atacante,BRA,"[{""name"":""Flamengo"",""from"":2000,""to"":2001},{""name"":""Parma"",""from"":2001,""to"":2002},{""name"":""Inter Milan"",""from"":2002,""to"":2006},{""name"":""São Paulo"",""from"":2006,""to"":2007}]",2000–2016,idolos-brasileirao;meias-brasileiros,,fallbackSource
Alain Giresse,false,fallback,Meia,FRA,"[{""name"":""Bordeaux"",""from"":1970,""to"":1987},{""name"":""Marseille"",""from"":1987,""to"":1988}]",1970–1988,lendas-francesas,,fallbackSource
Alan Shearer,false,fallback,Atacante,ENG,"[{""name"":""Southampton"",""from"":1988,""to"":1992},{""name"":""Blackburn Rovers"",""from"":1992,""to"":1996},{""name"":""Newcastle United"",""from"":1996,""to"":2006}]",1988–2006,lendas-inglaterra,,fallbackSource
Aldair,false,fallback,Defensor,BRA,"[{""name"":""Flamengo"",""from"":1983,""to"":1989},{""name"":""Benfica"",""from"":1989,""to"":1990},{""name"":""Roma"",""from"":1990,""to"":2003}]",1983–2005,defensores-bra,,fallbackSource
Alessandro Del Piero,false,fallback,Atacante,ITA,"[{""name"":""Juventus"",""from"":1993,""to"":2012},{""name"":""Sydney FC"",""from"":2012,""to"":2014}]",1991–2014,lendas-italianas,,fallbackSource
Alessandro Nesta,true,legend,Defensor,ITA,"[{""name"":""Lazio"",""from"":1993,""to"":2002},{""name"":""AC Milan"",""from"":2002,""to"":2012}]",1993–2014,lendas-italianas;defensores-historicos;lendas-milan,AC Milan,
Alex,false,fallback,Defensor,BRA,"[{""name"":""Santos"",""from"":1990,""to"":1995},{""name"":""Chelsea"",""from"":2004,""to"":2012},{""name"":""PSG"",""from"":2012,""to"":2014}]",1990–2017,meias-brasileiros,,fallbackSource
Alexandre Pato,false,wikipedia,Atacante,BRA,"[{""name"":""Internacional"",""from"":2004,""to"":2006},{""name"":""AC Milan"",""from"":2007,""to"":2013},{""name"":""Corinthians"",""from"":2013,""to"":2014}]",2004–2021,atacantes-bra,,
Alfredo Di Stéfano,false,fallback,Atacante,ARG,"[{""name"":""Millonarios"",""from"":1949,""to"":1953},{""name"":""Real Madrid"",""from"":1953,""to"":1964},{""name"":""Espanyol"",""from"":1964,""to"":1966}]",1945–1966,lendas-real-madrid,Real Madrid,fallbackSource
Alisson Becker,false,fallback,Goleiro,BRA,"[{""name"":""Internacional"",""from"":2013,""to"":2016},{""name"":""Roma"",""from"":2016,""to"":2018},{""name"":""Liverpool"",""from"":2018,""to"":2026}]",2013–2026,goleiros-bra;goleiros-historicos,,fallbackSource
Alphonso Davies,false,wikipedia,Defensor,CAN,"[{""name"":""Vancouver Whitecaps"",""from"":2016,""to"":2019},{""name"":""Bayern"",""from"":2019,""to"":2026}]",2016–2026,lendas-bayern,Bayern,
Álvaro Morata,false,fallback,Atacante,ESP,"[{""name"":""Real Madrid"",""from"":2010,""to"":2014},{""name"":""Juventus"",""from"":2014,""to"":2016},{""name"":""Chelsea"",""from"":2017,""to"":2019},{""name"":""Atlético Madrid"",""from"":2019,""to"":2024}]",2010–2026,lendas-espanholas,,fallbackSource
Amancio Amaro,false,fallback,Atacante,ESP,"[{""name"":""Deportivo La Coruña"",""from"":1958,""to"":1962},{""name"":""Real Madrid"",""from"":1962,""to"":1976}]",1958–1976,lendas-espanholas,,fallbackSource
Andoni Zubizarreta,false,fallback,Goleiro,ESP,"[{""name"":""Athletic Bilbao"",""from"":1981,""to"":1988},{""name"":""Barcelona"",""from"":1988,""to"":1994},{""name"":""Valencia"",""from"":1994,""to"":1998}]",1981–1998,lendas-espanholas;goleiros-historicos,,fallbackSource
Andrea Pirlo,false,wikipedia,Meia,ITA,"[{""name"":""Brescia"",""from"":1995,""to"":1998},{""name"":""Inter Milan"",""from"":1998,""to"":2001},{""name"":""AC Milan"",""from"":2001,""to"":2011},{""name"":""Juventus"",""from"":2011,""to"":2015},{""name"":""New York City"",""from"":2015,""to"":2017}]",1995–2017,lendas-italianas;meias-historicos;lendas-milan,AC Milan,
Andreas Brehme,false,fallback,Defensor,GER,"[{""name"":""Kaiserslautern"",""from"":1981,""to"":1984},{""name"":""Bayern Munich"",""from"":1987,""to"":1992},{""name"":""Inter Milan"",""from"":1992,""to"":1993}]",1981–1998,lendas-alemas,,fallbackSource
Andrés Iniesta,true,legend,Meia,ESP,"[{""name"":""Barcelona"",""from"":2002,""to"":2018},{""name"":""Vissel Kobe"",""from"":2018,""to"":2023}]",2001–2023,lendas-champions;lendas-espanholas;meias-historicos;lendas-barcelona,Barcelona,
Andriy Shevchenko,false,fallback,Atacante,UKR,"[{""name"":""Dynamo Kyiv"",""from"":1994,""to"":1999},{""name"":""AC Milan"",""from"":1999,""to"":2006},{""name"":""Chelsea"",""from"":2006,""to"":2009},{""name"":""Dynamo Kyiv"",""from"":2009,""to"":2012}]",1994–2012,lendas-champions;fenomenos-copa;artilheiros-champions;atacantes-historicos;lendas-milan,AC Milan,fallbackSource
Ángel Di María,false,wikipedia,Atacante,ARG,"[{""name"":""Rosario Central"",""from"":2005,""to"":2007},{""name"":""Benfica"",""from"":2007,""to"":2010},{""name"":""Real Madrid"",""from"":2010,""to"":2014},{""name"":""PSG"",""from"":2015,""to"":2022}]",2005–2026,craques-argentinos,,
Antoine Griezmann,false,fallback,Atacante,FRA,"[{""name"":""Real Sociedad"",""from"":2009,""to"":2014},{""name"":""Atlético Madrid"",""from"":2014,""to"":2019},{""name"":""Barcelona"",""from"":2019,""to"":2021},{""name"":""Atlético Madrid"",""from"":2021,""to"":2026}]",2009–2026,lendas-francesas,,fallbackSource
Antonio Cassano,false,fallback,Atacante,ITA,"[{""name"":""Bari"",""from"":1999,""to"":2001},{""name"":""Roma"",""from"":2001,""to"":2006},{""name"":""Real Madrid"",""from"":2006,""to"":2007},{""name"":""AC Milan"",""from"":2010,""to"":2011}]",1999–2017,lendas-italianas,,fallbackSource
Arjen Robben,false,fallback,Atacante,NED,"[{""name"":""Groningen"",""from"":2000,""to"":2002},{""name"":""PSV"",""from"":2002,""to"":2004},{""name"":""Chelsea"",""from"":2004,""to"":2007},{""name"":""Real Madrid"",""from"":2007,""to"":2009},{""name"":""Bayern"",""from"":2009,""to"":2019},{""name"":""Groningen"",""from"":2020,""to"":2021}]",2000–2021,lendas-holandesas;lendas-bayern,Bayern,fallbackSource
Arrascaeta,false,fallback,Meia,BRA,"[{""name"":""Defensor Sporting"",""from"":2013,""to"":2015},{""name"":""Cruzeiro"",""from"":2015,""to"":2018},{""name"":""Flamengo"",""from"":2019,""to"":2026}]",2013–2026,idolos-brasileirao,,fallbackSource
Ashley Cole,false,fallback,Defensor,ENG,"[{""name"":""Arsenal"",""from"":1999,""to"":2006},{""name"":""Chelsea"",""from"":2006,""to"":2014},{""name"":""Roma"",""from"":2014,""to"":2015}]",1999–2018,lendas-inglaterra;defensores-historicos,,fallbackSource
Basílio,false,fallback,Atacante,BRA,"[{""name"":""Santos"",""from"":1952,""to"":1961},{""name"":""Palmeiras"",""from"":1961,""to"":1964}]",1952–1968,goleiros-bra,,fallbackSource
Bastian Schweinsteiger,false,fallback,Meia,GER,"[{""name"":""Bayern"",""from"":2002,""to"":2015},{""name"":""Manchester United"",""from"":2015,""to"":2017},{""name"":""Chicago Fire"",""from"":2017,""to"":2019}]",2002–2019,lendas-alemas;lendas-bayern,Bayern,fallbackSource
Bebeto,false,wikipedia,Atacante,BRA,"[{""name"":""Flamengo"",""from"":1983,""to"":1986},{""name"":""Vitória"",""from"":1986,""to"":1988},{""name"":""Deportivo La Coruña"",""from"":1992,""to"":1996},{""name"":""Botafogo"",""from"":1996,""to"":1999}]",1983–2002,atacantes-bra,,
Bellini,false,fallback,Defensor,BRA,"[{""name"":""São Paulo"",""from"":1952,""to"":1965}]",1952–1965,defensores-bra,,fallbackSource;singleClubOnly
Bernard Lama,false,wikipedia,Goleiro,FRA,"[{""name"":""Lille"",""from"":1988,""to"":1991},{""name"":""Paris Saint-Germain"",""from"":1992,""to"":2000}]",1983–2001,lendas-francesas;goleiros-historicos,,
Bernardo Silva,false,wikipedia,Meia,POR,"[{""name"":""Benfica"",""from"":2014,""to"":2015},{""name"":""Monaco"",""from"":2015,""to"":2017},{""name"":""Manchester City"",""from"":2017,""to"":2026}]",2014–2026,lendas-portuguesas,,
Bernd Schuster,false,fallback,Meia,GER,"[{""name"":""Köln"",""from"":1978,""to"":1980},{""name"":""Barcelona"",""from"":1980,""to"":1988},{""name"":""Real Madrid"",""from"":1988,""to"":1990}]",1978–1993,lendas-alemas,,fallbackSource
Bixente Lizarazu,false,fallback,Defensor,FRA,"[{""name"":""Bordeaux"",""from"":1988,""to"":1996},{""name"":""Bayern Munich"",""from"":1997,""to"":2005}]",1988–2006,lendas-francesas,,fallbackSource
Bobby Charlton,false,wikipedia,Meia,ENG,"[{""name"":""Manchester United"",""from"":1956,""to"":1973},{""name"":""Preston North End"",""from"":1974,""to"":1975}]",1954–1975,fenomenos-copa;lendas-inglaterra;lendas-manchester-united,Manchester United,
Bobby Moore,true,legend,Defensor,ENG,"[{""name"":""West Ham"",""from"":1958,""to"":1974},{""name"":""Fulham"",""from"":1974,""to"":1977}]",1958–1978,lendas-inglaterra;defensores-historicos,,
Branco,false,fallback,Defensor,BRA,"[{""name"":""Fluminense"",""from"":1982,""to"":1984},{""name"":""Udinese"",""from"":1988,""to"":1991},{""name"":""Fluminense"",""from"":1991,""to"":1994},{""name"":""Flamengo"",""from"":1994,""to"":1998}]",1982–2002,defensores-bra,,fallbackSource
Bruno Fernandes,false,wikipedia,Meia,POR,"[{""name"":""Sporting CP"",""from"":2017,""to"":2020},{""name"":""Manchester United"",""from"":2020,""to"":2026}]",2012–2026,lendas-portuguesas,,
Bryan Robson,false,fallback,Meia,ENG,"[{""name"":""West Bromwich Albion"",""from"":1974,""to"":1981},{""name"":""Manchester United"",""from"":1981,""to"":1994}]",1974–1997,lendas-inglaterra,,fallbackSource
Cafu,true,legend,Defensor,BRA,"[{""name"":""São Paulo"",""from"":1989,""to"":1995},{""name"":""Roma"",""from"":1997,""to"":2003},{""name"":""AC Milan"",""from"":2003,""to"":2008}]",1989–2008,idolos-brasileirao;defensores-bra;fenomenos-copa;defensores-historicos;lendas-milan,AC Milan,
Calleri,false,fallback,Atacante,BRA,"[{""name"":""São Paulo"",""from"":2014,""to"":2016},{""name"":""West Ham"",""from"":2016,""to"":2017},{""name"":""São Paulo"",""from"":2019,""to"":2026}]",2014–2026,idolos-brasileirao,,fallbackSource
Careca,false,fallback,Atacante,BRA,"[{""name"":""São Paulo"",""from"":1978,""to"":1983},{""name"":""Napoli"",""from"":1987,""to"":1993},{""name"":""Kashima Antlers"",""from"":1993,""to"":1996}]",1978–1997,atacantes-bra,,fallbackSource
Carles Puyol,true,legend,Defensor,ESP,"[{""name"":""Barcelona"",""from"":1999,""to"":2014}]",1999–2014,lendas-espanholas;defensores-historicos;lendas-barcelona,Barcelona,singleClubOnly
Carlos Alberto Torres,false,fallback,Defensor,BRA,"[{""name"":""Santos"",""from"":1963,""to"":1974},{""name"":""Fluminense"",""from"":1974,""to"":1977},{""name"":""New York Cosmos"",""from"":1977,""to"":1982}]",1963–1982,defensores-bra,,fallbackSource
Carlos Tévez,false,fallback,Atacante,ARG,"[{""name"":""Boca Juniors"",""from"":2001,""to"":2004},{""name"":""Corinthians"",""from"":2005,""to"":2006},{""name"":""West Ham"",""from"":2006,""to"":2007},{""name"":""Manchester United"",""from"":2007,""to"":2009},{""name"":""Manchester City"",""from"":2009,""to"":2011},{""name"":""Juventus"",""from"":2013,""to"":2015},{""name"":""Boca Juniors"",""from"":2015,""to"":2016},{""name"":""Shanghai Shenhua"",""from"":2017,""to"":2021}]",2000–2021,craques-argentinos;lendas-manchester-united,Manchester United,fallbackSource
Casemiro,true,legend,Meia,BRA,"[{""name"":""São Paulo"",""from"":2010,""to"":2013},{""name"":""Real Madrid"",""from"":2015,""to"":2022},{""name"":""Manchester United"",""from"":2022,""to"":2026}]",2010–2026,meias-brasileiros;lendas-real-madrid,Real Madrid,
Cássio,false,fallback,Goleiro,BRA,"[{""name"":""Grêmio"",""from"":2006,""to"":2011},{""name"":""Corinthians"",""from"":2012,""to"":2026}]",2006–2026,goleiros-bra,,fallbackSource
César Maluco,false,fallback,Atacante,BRA,"[{""name"":""Santos"",""from"":1965,""to"":1972},{""name"":""Flamengo"",""from"":1972,""to"":1975}]",1965–1978,goleiros-bra,,fallbackSource
César Rodríguez,false,fallback,Atacante,ESP,"[{""name"":""Granada"",""from"":1939,""to"":1940},{""name"":""Barcelona"",""from"":1942,""to"":1955},{""name"":""Cultural Leonesa"",""from"":1955,""to"":1956}]",1939–1960,lendas-espanholas,,fallbackSource
Cesc Fàbregas,false,fallback,Meia,ESP,"[{""name"":""Arsenal"",""from"":2003,""to"":2011},{""name"":""Barcelona"",""from"":2011,""to"":2014},{""name"":""Chelsea"",""from"":2014,""to"":2019},{""name"":""Monaco"",""from"":2019,""to"":2022},{""name"":""Como"",""from"":2022,""to"":2023}]",2003–2023,lendas-espanholas;lendas-barcelona,Barcelona,fallbackSource
Chris Sutton,false,fallback,Atacante,ENG,"[{""name"":""Norwich City"",""from"":1991,""to"":1994},{""name"":""Blackburn Rovers"",""from"":1994,""to"":1999},{""name"":""Chelsea"",""from"":1999,""to"":2000}]",1991–2007,lendas-inglaterra,,fallbackSource
Christian Vieri,false,fallback,Atacante,ITA,"[{""name"":""Juventus"",""from"":1991,""to"":1992},{""name"":""Atlético Madrid"",""from"":1997,""to"":1998},{""name"":""Lazio"",""from"":1998,""to"":1999},{""name"":""Inter Milan"",""from"":1999,""to"":2005}]",1991–2009,lendas-italianas,,fallbackSource
Clarence Seedorf,false,fallback,Meia,NED,"[{""name"":""Ajax"",""from"":1992,""to"":1995},{""name"":""Sampdoria"",""from"":1995,""to"":1996},{""name"":""Real Madrid"",""from"":1996,""to"":1999},{""name"":""Inter Milan"",""from"":1999,""to"":2002},{""name"":""AC Milan"",""from"":2002,""to"":2012},{""name"":""Botafogo"",""from"":2012,""to"":2014}]",1992–2014,lendas-holandesas;meias-historicos;lendas-milan,AC Milan,fallbackSource
Claude Makélélé,true,legend,Meia,FRA,"[{""name"":""Nantes"",""from"":1992,""to"":1997},{""name"":""Real Madrid"",""from"":2000,""to"":2003},{""name"":""Chelsea"",""from"":2003,""to"":2008}]",1990–2011,lendas-francesas;lendas-real-madrid,Real Madrid,
Claudio Gentile,false,fallback,Defensor,ITA,"[{""name"":""Inter Milan"",""from"":1972,""to"":1984},{""name"":""Fiorentina"",""from"":1984,""to"":1987}]",1972–1987,lendas-italianas,,fallbackSource
Claudio Pizarro,false,wikipedia,Atacante,PER,"[{""name"":""Alianza Lima"",""from"":1996,""to"":1999},{""name"":""Werder Bremen"",""from"":1999,""to"":2001},{""name"":""Bayern"",""from"":2001,""to"":2007},{""name"":""Chelsea"",""from"":2007,""to"":2008},{""name"":""Werder Bremen"",""from"":2008,""to"":2012},{""name"":""Bayern"",""from"":2012,""to"":2015},{""name"":""Werder Bremen"",""from"":2015,""to"":2017},{""name"":""1. FC Köln"",""from"":2017,""to"":2020}]",1996–2020,lendas-bayern,Bayern,
Clodoaldo,false,fallback,Meia,BRA,"[{""name"":""Santos"",""from"":1965,""to"":1974},{""name"":""Paris Saint-Germain"",""from"":1974,""to"":1979}]",1965–1980,defensores-bra,,fallbackSource
Cole Palmer,false,fallback,Meia,ENG,"[{""name"":""Manchester City"",""from"":2020,""to"":2023},{""name"":""Chelsea"",""from"":2023,""to"":2026}]",2020–2026,lendas-inglaterra,,fallbackSource
Coutinho,false,fallback,Meia,BRA,"[{""name"":""Vasco da Gama"",""from"":1958,""to"":1960},{""name"":""Santos"",""from"":1960,""to"":1970},{""name"":""Botafogo"",""from"":1970,""to"":1972}]",1958–1973,goleiros-bra,,fallbackSource
Cristiano Ronaldo,true,legend,Atacante,POR,"[{""name"":""Sporting CP"",""from"":2002,""to"":2003},{""name"":""Manchester United"",""from"":2003,""to"":2009},{""name"":""Real Madrid"",""from"":2009,""to"":2018},{""name"":""Juventus"",""from"":2018,""to"":2021}]",2002–2026,lendas-champions;artilheiros-champions;lendas-portuguesas;atacantes-historicos;lendas-real-madrid;lendas-manchester-united,Real Madrid;Manchester United,
Dani Alves,false,fallback,Defensor,BRA,"[{""name"":""Bahia"",""from"":2001,""to"":2003},{""name"":""Sevilla"",""from"":2003,""to"":2008},{""name"":""Barcelona"",""from"":2008,""to"":2016},{""name"":""Juventus"",""from"":2016,""to"":2017},{""name"":""PSG"",""from"":2017,""to"":2019},{""name"":""São Paulo"",""from"":2021,""to"":2023}]",2001–2023,defensores-bra;defensores-historicos;lendas-barcelona,Barcelona,fallbackSource
Dani Olmo,false,wikipedia,Meia,ESP,"[{""name"":""Dinamo Zagreb"",""from"":2015,""to"":2019},{""name"":""RB Leipzig"",""from"":2020,""to"":2024},{""name"":""Barcelona"",""from"":2024,""to"":2026}]",2015–2026,lendas-espanholas,,
Dani Parejo,false,fallback,Meia,ESP,"[{""name"":""Real Madrid"",""from"":2008,""to"":2011},{""name"":""Valencia"",""from"":2011,""to"":2020},{""name"":""Villarreal"",""from"":2020,""to"":2026}]",2008–2026,lendas-espanholas,,fallbackSource
Dante,false,fallback,Defensor,BRA,"[{""name"":""Juventude"",""from"":2003,""to"":2004},{""name"":""Lille"",""from"":2006,""to"":2007},{""name"":""Charleroi"",""from"":2007,""to"":2008},{""name"":""Standard Liège"",""from"":2008,""to"":2009},{""name"":""Monaco"",""from"":2009,""to"":2012},{""name"":""Bayern"",""from"":2012,""to"":2015},{""name"":""Wolfsburg"",""from"":2015,""to"":2018},{""name"":""Nice"",""from"":2018,""to"":2021}]",2003–2021,lendas-bayern,Bayern,fallbackSource
David Beckham,false,wikipedia,Meia,ENG,"[{""name"":""Manchester United"",""from"":1992,""to"":2003},{""name"":""Real Madrid"",""from"":2003,""to"":2007},{""name"":""LA Galaxy"",""from"":2007,""to"":2012},{""name"":""PSG"",""from"":2013,""to"":2013}]",1992–2013,lendas-champions;lendas-inglaterra;meias-historicos;lendas-real-madrid;lendas-manchester-united,Real Madrid;Manchester United,
David de Gea,false,wikipedia,Goleiro,ESP,"[{""name"":""Atlético Madrid"",""from"":2009,""to"":2011},{""name"":""Manchester United"",""from"":2011,""to"":2023},{""name"":""Fiorentina"",""from"":2024,""to"":2026}]",2009–2026,goleiros-historicos,,
David Luiz,false,wikipedia,Defensor,BRA,"[{""name"":""Vitória"",""from"":2006,""to"":2007},{""name"":""Benfica"",""from"":2007,""to"":2011},{""name"":""Chelsea"",""from"":2011,""to"":2014},{""name"":""PSG"",""from"":2014,""to"":2016}]",2006–2024,defensores-bra,,
David Seaman,false,wikipedia,Goleiro,ENG,"[{""name"":""Birmingham City"",""from"":1985,""to"":1988},{""name"":""Queens Park Rangers"",""from"":1988,""to"":1990},{""name"":""Arsenal"",""from"":1990,""to"":2003},{""name"":""Manchester City"",""from"":2003,""to"":2004}]",1985–2004,lendas-inglaterra,,
David Silva,false,fallback,Meia,ESP,"[{""name"":""Valencia"",""from"":2004,""to"":2010},{""name"":""Manchester City"",""from"":2010,""to"":2020},{""name"":""Real Sociedad"",""from"":2020,""to"":2022}]",2003–2023,lendas-espanholas,,fallbackSource
David Trezeguet,false,fallback,Atacante,FRA,"[{""name"":""Monaco"",""from"":1995,""to"":2000},{""name"":""Juventus"",""from"":2000,""to"":2010},{""name"":""River Plate"",""from"":2012,""to"":2013}]",1995–2014,lendas-francesas,,fallbackSource
David Villa,false,fallback,Atacante,ESP,"[{""name"":""Sporting Gijón"",""from"":2000,""to"":2003},{""name"":""Zaragoza"",""from"":2003,""to"":2005},{""name"":""Valencia"",""from"":2005,""to"":2010},{""name"":""Barcelona"",""from"":2010,""to"":2013},{""name"":""Atlético Madrid"",""from"":2013,""to"":2014},{""name"":""New York City"",""from"":2014,""to"":2018},{""name"":""Vissel Kobe"",""from"":2019,""to"":2020}]",2000–2020,artilheiros-champions;lendas-espanholas;lendas-barcelona,Barcelona,fallbackSource
Deco,false,fallback,Meia,POR,"[{""name"":""Benfica"",""from"":1997,""to"":1999},{""name"":""Al-Salmiya"",""from"":1999,""to"":2000},{""name"":""Porto"",""from"":2000,""to"":2004},{""name"":""Barcelona"",""from"":2004,""to"":2008},{""name"":""Chelsea"",""from"":2008,""to"":2010},{""name"":""Fluminense"",""from"":2010,""to"":2013}]",1997–2013,lendas-portuguesas;lendas-barcelona,Barcelona,fallbackSource
Dedê,false,fallback,Atacante,BRA,"[{""name"":""Vasco da Gama"",""from"":1994,""to"":1997},{""name"":""Atlético Mineiro"",""from"":1997,""to"":2001},{""name"":""Borussia Dortmund"",""from"":2001,""to"":2006}]",1994–2013,goleiros-bra,,fallbackSource
Dennis Bergkamp,false,fallback,Atacante,NED,"[{""name"":""Ajax"",""from"":1986,""to"":1993},{""name"":""Inter Milan"",""from"":1993,""to"":1995},{""name"":""Arsenal"",""from"":1995,""to"":2006}]",1986–2006,lendas-holandesas,,fallbackSource
Deyverson,false,fallback,Atacante,BRA,"[{""name"":""Ceará"",""from"":2011,""to"":2013},{""name"":""Palmeiras"",""from"":2016,""to"":2021},{""name"":""América Mineiro"",""from"":2022,""to"":2024}]",2011–2026,atacantes-bra,,fallbackSource
Dida,false,fallback,Goleiro,BRA,"[{""name"":""Vitória"",""from"":1992,""to"":1995},{""name"":""Cruzeiro"",""from"":1995,""to"":1999},{""name"":""AC Milan"",""from"":2000,""to"":2010}]",1992–2015,idolos-brasileirao;goleiros-bra;goleiros-historicos,,fallbackSource
Didier Drogba,false,fallback,Atacante,CIV,"[{""name"":""Le Mans"",""from"":1998,""to"":2002},{""name"":""Guingamp"",""from"":2002,""to"":2003},{""name"":""Marseille"",""from"":2003,""to"":2004},{""name"":""Chelsea"",""from"":2004,""to"":2012},{""name"":""Galatasaray"",""from"":2014,""to"":2015}]",1998–2018,artilheiros-champions;atacantes-historicos,,fallbackSource
Diego Maradona,true,legend,Meia,ARG,"[{""name"":""Argentinos Juniors"",""from"":1976,""to"":1981},{""name"":""Boca Juniors"",""from"":1981,""to"":1982},{""name"":""Barcelona"",""from"":1982,""to"":1984},{""name"":""Napoli"",""from"":1984,""to"":1991}]",1976–1997,craques-argentinos;fenomenos-copa;atacantes-historicos;lendas-barcelona,Barcelona,
Diego Milito,false,wikipedia,Atacante,ARG,"[{""name"":""Racing Club"",""from"":1999,""to"":2003},{""name"":""Genoa"",""from"":2005,""to"":2008},{""name"":""Zaragoza"",""from"":2008,""to"":2009},{""name"":""Inter Milan"",""from"":2009,""to"":2012}]",1999–2016,craques-argentinos,,
Diego Ribas,false,fallback,Meia,BRA,"[{""name"":""Santos"",""from"":2002,""to"":2004},{""name"":""Porto"",""from"":2004,""to"":2006},{""name"":""Werder Bremen"",""from"":2006,""to"":2009},{""name"":""Atlético Madrid"",""from"":2010,""to"":2014}]",2002–2021,meias-brasileiros,,fallbackSource
Diego Simeone,false,fallback,Meia,ARG,"[{""name"":""Vélez Sarsfield"",""from"":1987,""to"":1992},{""name"":""Sevilla"",""from"":1994,""to"":1995},{""name"":""Atlético Madrid"",""from"":1995,""to"":2003},{""name"":""Inter Milan"",""from"":1997,""to"":1998}]",1987–2006,craques-argentinos,,fallbackSource
Dimitar Berbatov,false,fallback,Atacante,BUL,"[{""name"":""CSKA Sofia"",""from"":1998,""to"":2001},{""name"":""Bayer Leverkusen"",""from"":2001,""to"":2006},{""name"":""Tottenham"",""from"":2006,""to"":2008},{""name"":""Manchester United"",""from"":2008,""to"":2012},{""name"":""Fulham"",""from"":2012,""to"":2014},{""name"":""PAOK"",""from"":2015,""to"":2016}]",1998–2016,lendas-manchester-united,Manchester United,fallbackSource
Dino Zoff,false,fallback,Goleiro,ITA,"[{""name"":""Udinese"",""from"":1961,""to"":1963},{""name"":""Mantova"",""from"":1963,""to"":1964},{""name"":""Napoli"",""from"":1964,""to"":1967},{""name"":""Juventus"",""from"":1967,""to"":1983}]",1961–1983,lendas-italianas;goleiros-historicos,,fallbackSource
Dixie Dean,false,fallback,Atacante,ENG,"[{""name"":""Tranmere Rovers"",""from"":1923,""to"":1925},{""name"":""Everton"",""from"":1925,""to"":1937}]",1923–1939,lendas-inglaterra,,fallbackSource
Djalma Santos,false,wikipedia,Defensor,BRA,"[{""name"":""Portuguesa"",""from"":1948,""to"":1959},{""name"":""Palmeiras"",""from"":1959,""to"":1965},{""name"":""Atlético Paranaense"",""from"":1965,""to"":1967}]",1948–1970,defensores-bra,,
Djalminha,false,fallback,Meia,BRA,"[{""name"":""Palmeiras"",""from"":1992,""to"":1996},{""name"":""Deportivo La Coruña"",""from"":1996,""to"":2004}]",1992–2008,meias-brasileiros,,fallbackSource
Eden Hazard,true,legend,Atacante,BEL,"[{""name"":""Lille"",""from"":2007,""to"":2012},{""name"":""Chelsea"",""from"":2012,""to"":2019},{""name"":""Real Madrid"",""from"":2019,""to"":2023}]",2007–2023,,,legendOnly
Éder Aleixo,false,fallback,Atacante,BRA,"[{""name"":""Atlético Mineiro"",""from"":1971,""to"":1976},{""name"":""São Paulo"",""from"":1976,""to"":1978},{""name"":""Torino"",""from"":1980,""to"":1982}]",1971–1985,idolos-brasileirao;meias-brasileiros,,fallbackSource
Ederson,false,fallback,Goleiro,BRA,"[{""name"":""São Paulo"",""from"":2011,""to"":2012},{""name"":""Rio Ave"",""from"":2012,""to"":2015},{""name"":""Benfica"",""from"":2015,""to"":2017},{""name"":""Manchester City"",""from"":2017,""to"":2026}]",2011–2026,goleiros-bra;goleiros-historicos,,fallbackSource
Edgar Davids,false,fallback,Meia,NED,"[{""name"":""Ajax"",""from"":1991,""to"":1996},{""name"":""AC Milan"",""from"":1996,""to"":1997},{""name"":""Juventus"",""from"":1997,""to"":2004},{""name"":""Tottenham"",""from"":2005,""to"":2007}]",1991–2014,lendas-holandesas,,fallbackSource
Edmundo,false,fallback,Atacante,BRA,"[{""name"":""Vasco da Gama"",""from"":1991,""to"":1996},{""name"":""Fiorentina"",""from"":1997,""to"":1998},{""name"":""Vasco da Gama"",""from"":1999,""to"":2000},{""name"":""Flamengo"",""from"":2000,""to"":2002}]",1991–2011,atacantes-bra;defensores-bra,,fallbackSource
Edwin van der Sar,false,fallback,Goleiro,NED,"[{""name"":""Ajax"",""from"":1990,""to"":1999},{""name"":""Juventus"",""from"":1999,""to"":2001},{""name"":""Fulham"",""from"":2001,""to"":2005},{""name"":""Manchester United"",""from"":2005,""to"":2011}]",1990–2011,lendas-holandesas;lendas-manchester-united,Manchester United,fallbackSource
Emilio Butragueño,false,fallback,Atacante,ESP,"[{""name"":""Real Madrid"",""from"":1983,""to"":1995},{""name"":""Celaya"",""from"":1995,""to"":1998}]",1983–1998,lendas-espanholas,,fallbackSource
Emlyn Hughes,false,fallback,Defensor,ENG,"[{""name"":""Blackpool"",""from"":1962,""to"":1967},{""name"":""Liverpool"",""from"":1967,""to"":1979},{""name"":""Wolverhampton"",""from"":1979,""to"":1981}]",1962–1984,lendas-inglaterra,,fallbackSource
Endrick,false,fallback,Atacante,BRA,"[{""name"":""Palmeiras"",""from"":2022,""to"":2024},{""name"":""Real Madrid"",""from"":2024,""to"":2026}]",2022–2026,idolos-brasileirao,,fallbackSource
Eric Cantona,false,fallback,Atacante,FRA,"[{""name"":""Auxerre"",""from"":1983,""to"":1988},{""name"":""Marseille"",""from"":1988,""to"":1991},{""name"":""Leeds United"",""from"":1992,""to"":1992},{""name"":""Manchester United"",""from"":1992,""to"":1997}]",1983–1997,lendas-francesas;lendas-manchester-united,Manchester United,fallbackSource
Esteban Cambiasso,false,fallback,Meia,ARG,"[{""name"":""Independiente"",""from"":1995,""to"":1998},{""name"":""Real Madrid"",""from"":2002,""to"":2004},{""name"":""Inter Milan"",""from"":2004,""to"":2014},{""name"":""Olympiacos"",""from"":2014,""to"":2015}]",1995–2017,craques-argentinos,,fallbackSource
Evair,false,fallback,Atacante,BRA,"[{""name"":""Guarani"",""from"":1985,""to"":1988},{""name"":""Yokohama Marinos"",""from"":1993,""to"":1996},{""name"":""Palmeiras"",""from"":1996,""to"":1998},{""name"":""Atlético Mineiro"",""from"":1999,""to"":2001}]",1985–2005,atacantes-bra,,fallbackSource
Ezequiel Lavezzi,false,fallback,Atacante,ARG,"[{""name"":""San Lorenzo"",""from"":2003,""to"":2007},{""name"":""Napoli"",""from"":2007,""to"":2012},{""name"":""PSG"",""from"":2012,""to"":2016},{""name"":""Hebei China Fortune"",""from"":2016,""to"":2019}]",2003–2019,craques-argentinos,,fallbackSource
Fabio Cannavaro,true,legend,Defensor,ITA,"[{""name"":""Napoli"",""from"":1992,""to"":1995},{""name"":""Parma"",""from"":1995,""to"":2002},{""name"":""Juventus"",""from"":2002,""to"":2004},{""name"":""Real Madrid"",""from"":2006,""to"":2010}]",1992–2011,lendas-italianas;defensores-historicos,,
Falcão,false,fallback,Meia,BRA,"[{""name"":""Internacional"",""from"":1972,""to"":1980},{""name"":""Roma"",""from"":1980,""to"":1985},{""name"":""São Paulo"",""from"":1985,""to"":1986}]",1972–1986,idolos-brasileirao;meias-brasileiros,,fallbackSource
Felipe,false,fallback,Defensor,BRA,"[{""name"":""Corinthians"",""from"":2006,""to"":2009},{""name"":""Fluminense"",""from"":2009,""to"":2013},{""name"":""Atlético Madrid"",""from"":2013,""to"":2019}]",2006–2023,goleiros-bra,,fallbackSource
Ferenc Puskás,false,fallback,Atacante,HUN,"[{""name"":""Budapest Honvéd"",""from"":1943,""to"":1956},{""name"":""Real Madrid"",""from"":1958,""to"":1966}]",1943–1966,lendas-real-madrid,Real Madrid,fallbackSource
Fernando Cavenaghi,false,wikipedia,Atacante,ARG,"[{""name"":""River Plate"",""from"":2001,""to"":2004},{""name"":""Spartak Moscow"",""from"":2004,""to"":2006},{""name"":""Bordeaux"",""from"":2011,""to"":2013},{""name"":""Independiente"",""from"":2014,""to"":2016}]",2001–2018,craques-argentinos,,
Fernando Hierro,false,fallback,Defensor,ESP,"[{""name"":""Real Valladolid"",""from"":1987,""to"":1989},{""name"":""Real Madrid"",""from"":1989,""to"":2003},{""name"":""Bolton Wanderers"",""from"":2004,""to"":2005}]",1987–2005,lendas-espanholas,,fallbackSource
Fernando Redondo,false,wikipedia,Meia,ARG,"[{""name"":""Argentinos Juniors"",""from"":1985,""to"":1994},{""name"":""Real Madrid"",""from"":1994,""to"":2000},{""name"":""Inter Milan"",""from"":2000,""to"":2002},{""name"":""Aldosivi"",""from"":2003,""to"":2004}]",1985–2004,craques-argentinos;lendas-real-madrid,Real Madrid,
Fernando Torres,false,fallback,Atacante,ESP,"[{""name"":""Atlético Madrid"",""from"":2001,""to"":2007},{""name"":""Liverpool"",""from"":2007,""to"":2011},{""name"":""Chelsea"",""from"":2011,""to"":2014},{""name"":""Atlético Madrid"",""from"":2014,""to"":2018}]",2001–2019,lendas-espanholas,,fallbackSource
Filipe Luís,false,fallback,Defensor,BRA,"[{""name"":""Figueirense"",""from"":2003,""to"":2004},{""name"":""Ajax"",""from"":2004,""to"":2006},{""name"":""Atlético Madrid"",""from"":2010,""to"":2019},{""name"":""Flamengo"",""from"":2019,""to"":2024}]",2003–2024,defensores-bra,,fallbackSource
Filippo Inzaghi,false,fallback,Atacante,ITA,"[{""name"":""Piacenza"",""from"":1991,""to"":1996},{""name"":""Leffe"",""from"":1995,""to"":1996},{""name"":""Verona"",""from"":1996,""to"":1997},{""name"":""Atalanta"",""from"":1997,""to"":1998},{""name"":""Juventus"",""from"":1998,""to"":1999},{""name"":""AC Milan"",""from"":1999,""to"":2012}]",1991–2012,artilheiros-champions;lendas-italianas;atacantes-historicos;lendas-milan,AC Milan,fallbackSource
Florian Wirtz,false,wikipedia,Meia,GER,"[{""name"":""Bayer Leverkusen"",""from"":2020,""to"":2025},{""name"":""Liverpool"",""from"":2025,""to"":2026}]",2020–2026,lendas-alemas,,
Francesco Totti,false,fallback,Atacante,ITA,"[{""name"":""Roma"",""from"":1992,""to"":2017}]",1992–2017,lendas-italianas,,fallbackSource;singleClubOnly
Franck Ribéry,false,fallback,Atacante,FRA,"[{""name"":""Boulogne"",""from"":2000,""to"":2002},{""name"":""Metz"",""from"":2002,""to"":2004},{""name"":""Galatasaray"",""from"":2005,""to"":2005},{""name"":""Marseille"",""from"":2005,""to"":2007},{""name"":""Bayern"",""from"":2007,""to"":2019},{""name"":""Fiorentina"",""from"":2019,""to"":2022}]",2000–2022,lendas-bayern,Bayern,fallbackSource
Franco Baresi,true,legend,Defensor,ITA,"[{""name"":""AC Milan"",""from"":1977,""to"":1997}]",1977–1997,lendas-italianas;defensores-historicos;lendas-milan,AC Milan,singleClubOnly
Frank Lampard,false,fallback,Meia,ENG,"[{""name"":""West Ham"",""from"":1995,""to"":2001},{""name"":""Chelsea"",""from"":2001,""to"":2014},{""name"":""Manchester City"",""from"":2014,""to"":2015}]",1995–2017,lendas-inglaterra;meias-historicos,,fallbackSource
Frank Rijkaard,false,fallback,Meia,NED,"[{""name"":""Ajax"",""from"":1980,""to"":1987},{""name"":""Real Sociedad"",""from"":1987,""to"":1988},{""name"":""AC Milan"",""from"":1988,""to"":1993},{""name"":""Ajax"",""from"":1993,""to"":1995}]",1980–1995,lendas-holandesas;lendas-milan,AC Milan,fallbackSource
Franz Beckenbauer,true,legend,Defensor,GER,"[{""name"":""Bayern Munich"",""from"":1964,""to"":1977},{""name"":""New York Cosmos"",""from"":1977,""to"":1980}]",1964–1983,fenomenos-copa;lendas-alemas;defensores-historicos;lendas-bayern,Bayern,
Fred,false,fallback,Atacante,BRA,"[{""name"":""América Mineiro"",""from"":2003,""to"":2004},{""name"":""Lyon"",""from"":2005,""to"":2009},{""name"":""Fluminense"",""from"":2009,""to"":2013},{""name"":""Manchester United"",""from"":2014,""to"":2016}]",2003–2023,idolos-brasileirao;goleiros-bra,,fallbackSource
Frenkie de Jong,false,wikipedia,Meia,NED,"[{""name"":""Willem II"",""from"":2016,""to"":2016},{""name"":""Ajax"",""from"":2016,""to"":2019},{""name"":""Barcelona"",""from"":2019,""to"":2026}]",2016–2026,lendas-holandesas;lendas-barcelona,Barcelona,
Fritz Walter,false,fallback,Meia,GER,"[{""name"":""Kaiserslautern"",""from"":1937,""to"":1959}]",1937–1959,lendas-alemas,,fallbackSource;singleClubOnly
Gabigol,false,fallback,Atacante,BRA,"[{""name"":""Santos"",""from"":2013,""to"":2016},{""name"":""Inter Milan"",""from"":2016,""to"":2018},{""name"":""Flamengo"",""from"":2019,""to"":2024}]",2013–2026,idolos-brasileirao,,fallbackSource
Gabriel Batistuta,true,legend,Atacante,ARG,"[{""name"":""Newell's Old Boys"",""from"":1988,""to"":1989},{""name"":""River Plate"",""from"":1989,""to"":1991},{""name"":""Fiorentina"",""from"":1991,""to"":2000},{""name"":""Roma"",""from"":2000,""to"":2003}]",1988–2005,craques-argentinos;atacantes-historicos,,
Gareth Bale,true,legend,Atacante,WAL,"[{""name"":""Southampton"",""from"":2006,""to"":2007},{""name"":""Tottenham"",""from"":2007,""to"":2013},{""name"":""Real Madrid"",""from"":2013,""to"":2022}]",2006–2023,lendas-real-madrid,Real Madrid,
Garrincha,true,legend,Atacante,BRA,"[{""name"":""Botafogo"",""from"":1953,""to"":1966},{""name"":""Corinthians"",""from"":1966,""to"":1969}]",1953–1972,atacantes-bra;fenomenos-copa,,
Gary Lineker,false,wikipedia,Atacante,ENG,"[{""name"":""Leicester City"",""from"":1978,""to"":1985},{""name"":""Everton"",""from"":1985,""to"":1986},{""name"":""Barcelona"",""from"":1986,""to"":1989},{""name"":""Tottenham"",""from"":1989,""to"":1992}]",1978–1994,lendas-inglaterra,,
Gary Neville,false,fallback,Defensor,ENG,"[{""name"":""Manchester United"",""from"":1992,""to"":2011}]",1992–2011,lendas-manchester-united,Manchester United,fallbackSource;singleClubOnly
Gennaro Gattuso,false,fallback,Meia,ITA,"[{""name"":""Perugia"",""from"":1995,""to"":1997},{""name"":""Salernitana"",""from"":1997,""to"":1998},{""name"":""AC Milan"",""from"":1999,""to"":2012},{""name"":""Sion"",""from"":2012,""to"":2013}]",1995–2013,lendas-italianas;lendas-milan,AC Milan,fallbackSource
Geoff Hurst,false,wikipedia,Atacante,ENG,"[{""name"":""West Ham"",""from"":1959,""to"":1972},{""name"":""Stoke City"",""from"":1972,""to"":1975}]",1959–1976,fenomenos-copa;lendas-inglaterra,,
George Best,false,wikipedia,Atacante,NIR,"[{""name"":""Manchester United"",""from"":1963,""to"":1974},{""name"":""Fulham"",""from"":1976,""to"":1978},{""name"":""Los Angeles Aztecs"",""from"":1976,""to"":1977},{""name"":""Fort Lauderdale Strikers"",""from"":1978,""to"":1979},{""name"":""Hibernian"",""from"":1979,""to"":1980}]",1963–1984,lendas-manchester-united,Manchester United,
Gerard Piqué,false,wikipedia,Defensor,ESP,"[{""name"":""Manchester United"",""from"":2004,""to"":2008},{""name"":""Barcelona"",""from"":2008,""to"":2022}]",2004–2023,lendas-barcelona,Barcelona,
Gerd Müller,false,wikipedia,Atacante,GER,"[{""name"":""Bayern"",""from"":1964,""to"":1979},{""name"":""Fort Lauderdale Strikers"",""from"":1979,""to"":1981}]",1963–1981,lendas-alemas;lendas-bayern,Bayern,
Gianluca Vialli,false,fallback,Atacante,ITA,"[{""name"":""Sampdoria"",""from"":1982,""to"":1992},{""name"":""Juventus"",""from"":1992,""to"":1996},{""name"":""Chelsea"",""from"":1996,""to"":1999}]",1982–1999,lendas-italianas,,fallbackSource
Gianluigi Buffon,true,legend,Goleiro,ITA,"[{""name"":""Parma"",""from"":1995,""to"":2001},{""name"":""Juventus"",""from"":2001,""to"":2018},{""name"":""Paris Saint-Germain"",""from"":2018,""to"":2019}]",1995–2023,lendas-champions;lendas-italianas;goleiros-historicos,,
Gianni Rivera,false,fallback,Meia,ITA,"[{""name"":""Alessandria"",""from"":1959,""to"":1960},{""name"":""AC Milan"",""from"":1960,""to"":1979}]",1959–1979,lendas-italianas;lendas-milan,AC Milan,fallbackSource
Gilberto Silva,false,fallback,Meia,BRA,"[{""name"":""Atlético Mineiro"",""from"":1997,""to"":2002},{""name"":""Arsenal"",""from"":2002,""to"":2008},{""name"":""Panathinaikos"",""from"":2008,""to"":2010}]",1997–2015,meias-brasileiros,,fallbackSource
Giuseppe Meazza,false,fallback,Atacante,ITA,"[{""name"":""Inter Milan"",""from"":1927,""to"":1940},{""name"":""AC Milan"",""from"":1940,""to"":1942},{""name"":""Juventus"",""from"":1942,""to"":1946},{""name"":""Inter Milan"",""from"":1946,""to"":1947}]",1927–1947,lendas-italianas,,fallbackSource
Glenn Hoddle,false,fallback,Meia,ENG,"[{""name"":""Tottenham"",""from"":1975,""to"":1987},{""name"":""Monaco"",""from"":1987,""to"":1990},{""name"":""Chelsea"",""from"":1993,""to"":1995}]",1975–1998,lendas-inglaterra,,fallbackSource
Gonzalo Higuaín,false,fallback,Atacante,ARG,"[{""name"":""River Plate"",""from"":2005,""to"":2007},{""name"":""Real Madrid"",""from"":2007,""to"":2013},{""name"":""Napoli"",""from"":2013,""to"":2016},{""name"":""Juventus"",""from"":2016,""to"":2019}]",2005–2022,craques-argentinos,,fallbackSource
Harry Kane,false,wikipedia,Atacante,ENG,"[{""name"":""Tottenham"",""from"":2010,""to"":2023},{""name"":""Bayern"",""from"":2023,""to"":2026}]",2010–2026,artilheiros-champions;lendas-inglaterra;atacantes-historicos;lendas-bayern,Bayern,
Hernán Crespo,false,fallback,Atacante,ARG,"[{""name"":""River Plate"",""from"":1993,""to"":1996},{""name"":""Parma"",""from"":1996,""to"":2000},{""name"":""Lazio"",""from"":2000,""to"":2002},{""name"":""Inter Milan"",""from"":2002,""to"":2003},{""name"":""Chelsea"",""from"":2003,""to"":2005},{""name"":""AC Milan"",""from"":2005,""to"":2006},{""name"":""Chelsea"",""from"":2006,""to"":2008},{""name"":""Inter Milan"",""from"":2008,""to"":2009},{""name"":""Genoa"",""from"":2009,""to"":2010},{""name"":""AC Milan"",""from"":2010,""to"":2011},{""name"":""Boca Juniors"",""from"":2011,""to"":2012}]",1993–2012,craques-argentinos;lendas-milan,AC Milan,fallbackSource
Hristo Stoichkov,false,fallback,Atacante,BUL,"[{""name"":""CSKA Sofia"",""from"":1982,""to"":1990},{""name"":""Barcelona"",""from"":1990,""to"":1995},{""name"":""Parma"",""from"":1995,""to"":1996},{""name"":""Al-Nassr"",""from"":1996,""to"":1998},{""name"":""Kashiwa Reysol"",""from"":1998,""to"":1999},{""name"":""Chicago Fire"",""from"":1999,""to"":2000}]",1982–2003,lendas-barcelona,Barcelona,fallbackSource
Hugo Lloris,false,fallback,Goleiro,FRA,"[{""name"":""Nice"",""from"":2005,""to"":2008},{""name"":""Lyon"",""from"":2008,""to"":2012},{""name"":""Tottenham"",""from"":2012,""to"":2023},{""name"":""LAFC"",""from"":2024,""to"":2026}]",2005–2026,lendas-francesas;goleiros-historicos,,fallbackSource
Hulk,false,fallback,Atacante,BRA,"[{""name"":""Vitória"",""from"":2006,""to"":2008},{""name"":""Porto"",""from"":2008,""to"":2012},{""name"":""Zenit"",""from"":2012,""to"":2016},{""name"":""Atlético Mineiro"",""from"":2021,""to"":2024}]",2006–2026,idolos-brasileirao,,fallbackSource
Iker Casillas,true,legend,Goleiro,ESP,"[{""name"":""Real Madrid"",""from"":1999,""to"":2015},{""name"":""Porto"",""from"":2015,""to"":2020}]",1999–2020,lendas-champions;lendas-espanholas;goleiros-historicos;lendas-real-madrid,Real Madrid,
Jaap Stam,false,fallback,Defensor,NED,"[{""name"":""Willem II"",""from"":1992,""to"":1993},{""name"":""PSV"",""from"":1993,""to"":1995},{""name"":""Manchester United"",""from"":1998,""to"":2001},{""name"":""AC Milan"",""from"":2001,""to"":2004}]",1992–2007,lendas-holandesas;defensores-historicos,,fallbackSource
Jairzinho,true,legend,Atacante,BRA,"[{""name"":""Botafogo"",""from"":1959,""to"":1974},{""name"":""Cruzeiro"",""from"":1974,""to"":1975}]",1959–1982,atacantes-bra,,
Javier Mascherano,false,wikipedia,Meia,ARG,"[{""name"":""River Plate"",""from"":2003,""to"":2005},{""name"":""Corinthians"",""from"":2005,""to"":2006},{""name"":""Liverpool"",""from"":2007,""to"":2010},{""name"":""Barcelona"",""from"":2010,""to"":2018}]",2003–2020,craques-argentinos,,
Javier Pastore,false,fallback,Meia,ARG,"[{""name"":""Huracán"",""from"":2007,""to"":2009},{""name"":""Palermo"",""from"":2009,""to"":2011},{""name"":""PSG"",""from"":2011,""to"":2018},{""name"":""Roma"",""from"":2018,""to"":2021}]",2007–2023,craques-argentinos,,fallbackSource
Jean-Pierre Papin,false,fallback,Atacante,FRA,"[{""name"":""Valenciennes"",""from"":1984,""to"":1985},{""name"":""Club Brugge"",""from"":1985,""to"":1987},{""name"":""Marseille"",""from"":1987,""to"":1992},{""name"":""AC Milan"",""from"":1992,""to"":1994}]",1984–1998,lendas-francesas,,fallbackSource
Jefferson,false,fallback,Goleiro,BRA,"[{""name"":""Botafogo"",""from"":2004,""to"":2016},{""name"":""Botafogo"",""from"":2018,""to"":2020}]",2004–2020,goleiros-bra,,fallbackSource
Jimmy Floyd Hasselbaink,false,fallback,Atacante,NED,"[{""name"":""Telstar"",""from"":1992,""to"":1994},{""name"":""Leeds United"",""from"":1997,""to"":1999},{""name"":""Atlético Madrid"",""from"":1999,""to"":2000},{""name"":""Chelsea"",""from"":2000,""to"":2004}]",1992–2008,lendas-holandesas,,fallbackSource
João Félix,false,fallback,Atacante,POR,"[{""name"":""Benfica"",""from"":2018,""to"":2019},{""name"":""Atlético Madrid"",""from"":2019,""to"":2024},{""name"":""Barcelona"",""from"":2024,""to"":2025}]",2018–2026,lendas-portuguesas,,fallbackSource
João Moutinho,false,fallback,Meia,POR,"[{""name"":""Sporting CP"",""from"":2004,""to"":2010},{""name"":""Monaco"",""from"":2010,""to"":2013},{""name"":""Wolverhampton"",""from"":2018,""to"":2023}]",2004–2024,lendas-portuguesas,,fallbackSource
João Neves,false,wikipedia,Meia,POR,"[{""name"":""Benfica"",""from"":2022,""to"":2024},{""name"":""PSG"",""from"":2024,""to"":2026}]",2022–2026,lendas-portuguesas,,
Johan Cruyff,true,legend,Meia,NED,"[{""name"":""Ajax"",""from"":1964,""to"":1973},{""name"":""Barcelona"",""from"":1973,""to"":1978},{""name"":""Los Angeles Aztecs"",""from"":1979,""to"":1981}]",1964–1984,fenomenos-copa;lendas-holandesas;meias-historicos;lendas-barcelona,Barcelona,
John Terry,false,fallback,Defensor,ENG,"[{""name"":""Chelsea"",""from"":1998,""to"":2017},{""name"":""Aston Villa"",""from"":2017,""to"":2018}]",1998–2018,lendas-inglaterra;defensores-historicos,,fallbackSource
José Fonte,false,fallback,Defensor,POR,"[{""name"":""Benfica"",""from"":2004,""to"":2006},{""name"":""Southampton"",""from"":2010,""to"":2017},{""name"":""Lille"",""from"":2021,""to"":2023}]",2004–2024,lendas-portuguesas,,fallbackSource
Joshua Kimmich,false,wikipedia,Meia,GER,"[{""name"":""RB Leipzig"",""from"":2013,""to"":2015},{""name"":""Bayern"",""from"":2015,""to"":2026}]",2013–2026,lendas-alemas;lendas-bayern,Bayern,
Juan Román Riquelme,false,fallback,Meia,ARG,"[{""name"":""Boca Juniors"",""from"":1995,""to"":2002},{""name"":""Barcelona"",""from"":2002,""to"":2003},{""name"":""Villarreal"",""from"":2003,""to"":2007},{""name"":""Boca Juniors"",""from"":2007,""to"":2014}]",1995–2015,craques-argentinos;meias-historicos,,fallbackSource
Juan Sebastián Verón,false,fallback,Meia,ARG,"[{""name"":""Estudiantes"",""from"":1993,""to"":1996},{""name"":""Sampdoria"",""from"":1996,""to"":1998},{""name"":""Parma"",""from"":1998,""to"":1999},{""name"":""Lazio"",""from"":1999,""to"":2001},{""name"":""Manchester United"",""from"":2001,""to"":2003}]",1993–2014,craques-argentinos,,fallbackSource
Julio César,false,fallback,Goleiro,BRA,"[{""name"":""Flamengo"",""from"":1997,""to"":2005},{""name"":""Inter Milan"",""from"":2005,""to"":2012},{""name"":""Toronto FC"",""from"":2013,""to"":2016}]",1997–2020,goleiros-bra;goleiros-historicos,,fallbackSource
Juninho Paulista,false,fallback,Meia,BRA,"[{""name"":""São Paulo"",""from"":1991,""to"":1995},{""name"":""Middlesbrough"",""from"":1995,""to"":2004},{""name"":""São Paulo"",""from"":2004,""to"":2008}]",1991–2010,goleiros-bra,,fallbackSource
Júnior,false,fallback,Defensor,BRA,"[{""name"":""Flamengo"",""from"":1974,""to"":1984},{""name"":""Torino"",""from"":1984,""to"":1986},{""name"":""Flamengo"",""from"":1986,""to"":1993}]",1974–1993,meias-brasileiros,,fallbackSource
Jürgen Klinsmann,false,fallback,Atacante,GER,"[{""name"":""Stuttgart"",""from"":1984,""to"":1989},{""name"":""Inter Milan"",""from"":1989,""to"":1992},{""name"":""Monaco"",""from"":1992,""to"":1994},{""name"":""Tottenham"",""from"":1994,""to"":1997}]",1984–2003,lendas-alemas,,fallbackSource
Kaká,true,legend,Meia,BRA,"[{""name"":""São Paulo"",""from"":2001,""to"":2003},{""name"":""AC Milan"",""from"":2003,""to"":2009},{""name"":""Real Madrid"",""from"":2009,""to"":2013}]",2001–2017,lendas-champions;meias-brasileiros;meias-historicos;lendas-real-madrid;lendas-milan,Real Madrid;AC Milan,
Karim Benzema,false,fallback,Atacante,FRA,"[{""name"":""Lyon"",""from"":2004,""to"":2009},{""name"":""Real Madrid"",""from"":2009,""to"":2023},{""name"":""Al-Ittihad"",""from"":2023,""to"":2025}]",2004–2025,lendas-champions;artilheiros-champions;lendas-francesas;atacantes-historicos;lendas-real-madrid,Real Madrid,fallbackSource
Karl-Heinz Rummenigge,false,fallback,Atacante,GER,"[{""name"":""Bayern"",""from"":1974,""to"":1984},{""name"":""Inter Milan"",""from"":1984,""to"":1987}]",1974–1989,lendas-alemas;lendas-bayern,Bayern,fallbackSource
Kasper Schmeichel,false,wikipedia,Goleiro,DEN,"[{""name"":""Manchester City"",""from"":2006,""to"":2009},{""name"":""Leeds United"",""from"":2010,""to"":2011},{""name"":""Leicester City"",""from"":2011,""to"":2022},{""name"":""Nice"",""from"":2022,""to"":2023},{""name"":""Anderlecht"",""from"":2023,""to"":2024},{""name"":""Celtic"",""from"":2024,""to"":2026}]",2006–2026,goleiros-historicos,,
Kevin De Bruyne,false,fallback,Meia,BEL,"[{""name"":""Genk"",""from"":2008,""to"":2012},{""name"":""Chelsea"",""from"":2012,""to"":2014},{""name"":""Wolfsburg"",""from"":2014,""to"":2015},{""name"":""Manchester City"",""from"":2015,""to"":2025},{""name"":""Napoli"",""from"":2025,""to"":2026}]",2008–2026,meias-historicos,,fallbackSource
Kingsley Coman,false,fallback,Atacante,FRA,"[{""name"":""PSG"",""from"":2013,""to"":2014},{""name"":""Juventus"",""from"":2014,""to"":2015},{""name"":""Bayern"",""from"":2015,""to"":2026}]",2013–2026,lendas-bayern,Bayern,fallbackSource
Kylian Mbappé,true,legend,Atacante,FRA,"[{""name"":""Monaco"",""from"":2015,""to"":2017},{""name"":""PSG"",""from"":2017,""to"":2024},{""name"":""Real Madrid"",""from"":2024,""to"":2026}]",2015–2026,fenomenos-copa;artilheiros-champions;lendas-francesas;atacantes-historicos,,
Laurent Blanc,false,fallback,Defensor,FRA,"[{""name"":""Montpellier"",""from"":1983,""to"":1991},{""name"":""Napoli"",""from"":1991,""to"":1992},{""name"":""Manchester United"",""from"":2001,""to"":2003}]",1983–2003,lendas-francesas,,fallbackSource
Lautaro Martínez,false,wikipedia,Atacante,ARG,"[{""name"":""Racing Club"",""from"":2015,""to"":2018},{""name"":""Inter Milan"",""from"":2018,""to"":2026}]",2015–2026,craques-argentinos;fenomenos-copa,,
Leão,false,fallback,Goleiro,BRA,"[{""name"":""Palmeiras"",""from"":1967,""to"":1978},{""name"":""Fluminense"",""from"":1978,""to"":1980}]",1967–1982,goleiros-bra,,fallbackSource
Leon Goretzka,false,fallback,Meia,GER,"[{""name"":""Bochum"",""from"":2013,""to"":2013},{""name"":""Schalke 04"",""from"":2013,""to"":2018},{""name"":""Bayern"",""from"":2018,""to"":2026}]",2013–2026,lendas-bayern,Bayern,fallbackSource
Leonardo,false,fallback,Meia,BRA,"[{""name"":""Flamengo"",""from"":1987,""to"":1991},{""name"":""São Paulo"",""from"":1991,""to"":1994},{""name"":""AC Milan"",""from"":1999,""to"":2002},{""name"":""Inter Milan"",""from"":2002,""to"":2003}]",1987–2013,idolos-brasileirao,,fallbackSource
Leonardo Bonucci,false,wikipedia,Defensor,ITA,"[{""name"":""Inter Milan"",""from"":2005,""to"":2006},{""name"":""Treviso"",""from"":2006,""to"":2007},{""name"":""Bari"",""from"":2007,""to"":2009},{""name"":""Juventus"",""from"":2010,""to"":2017},{""name"":""AC Milan"",""from"":2017,""to"":2018},{""name"":""Juventus"",""from"":2018,""to"":2021},{""name"":""Union Berlin"",""from"":2023,""to"":2024}]",2005–2024,lendas-milan,AC Milan,
Lev Yashin,true,legend,Goleiro,RUS,"[{""name"":""Dynamo Moscow"",""from"":1950,""to"":1970}]",1950–1970,goleiros-historicos,,singleClubOnly
Lilian Thuram,false,wikipedia,Defensor,FRA,"[{""name"":""Monaco"",""from"":1991,""to"":1996},{""name"":""Parma"",""from"":1996,""to"":2001},{""name"":""Juventus"",""from"":2001,""to"":2006},{""name"":""Barcelona"",""from"":2006,""to"":2008}]",1991–2008,lendas-francesas;defensores-historicos,,
Lionel Messi,true,legend,Atacante,ARG,"[{""name"":""Barcelona"",""from"":2004,""to"":2021},{""name"":""PSG"",""from"":2021,""to"":2023},{""name"":""Inter Miami"",""from"":2023,""to"":2026}]",2004–2026,lendas-champions;craques-argentinos;fenomenos-copa;artilheiros-champions;atacantes-historicos;lendas-barcelona,Barcelona,
Lothar Matthäus,false,fallback,Meia,GER,"[{""name"":""Borussia Mönchengladbach"",""from"":1979,""to"":1984},{""name"":""Bayern"",""from"":1984,""to"":1988},{""name"":""Inter Milan"",""from"":1988,""to"":1992},{""name"":""Bayern"",""from"":1992,""to"":2000}]",1979–2000,lendas-alemas;lendas-bayern,Bayern,fallbackSource
Lucas Moura,false,fallback,Atacante,BRA,"[{""name"":""São Paulo"",""from"":2010,""to"":2012},{""name"":""PSG"",""from"":2012,""to"":2018},{""name"":""Tottenham"",""from"":2018,""to"":2023}]",2010–2026,meias-brasileiros,,fallbackSource
Lucio,false,fallback,Defensor,BRA,"[{""name"":""Internacional"",""from"":1998,""to"":2000},{""name"":""Bayer Leverkusen"",""from"":2001,""to"":2004},{""name"":""Bayern Munich"",""from"":2004,""to"":2009},{""name"":""Inter Milan"",""from"":2009,""to"":2012}]",1998–2016,defensores-bra,,fallbackSource
Luis Enrique,false,fallback,Meia,ESP,"[{""name"":""Sporting Gijón"",""from"":1989,""to"":1991},{""name"":""Real Madrid"",""from"":1991,""to"":1996},{""name"":""Barcelona"",""from"":1996,""to"":2004}]",1989–2004,lendas-espanholas,,fallbackSource
Luís Fabiano,false,fallback,Atacante,BRA,"[{""name"":""São Paulo"",""from"":1997,""to"":2004},{""name"":""Sevilla"",""from"":2005,""to"":2011},{""name"":""São Paulo"",""from"":2011,""to"":2015}]",1997–2017,atacantes-bra,,fallbackSource
Luis Figo,false,fallback,Meia,POR,"[{""name"":""Sporting CP"",""from"":1989,""to"":1995},{""name"":""Barcelona"",""from"":1995,""to"":2000},{""name"":""Real Madrid"",""from"":2000,""to"":2005},{""name"":""Inter Milan"",""from"":2005,""to"":2009}]",1989–2009,lendas-portuguesas;meias-historicos,,fallbackSource
Luis Suárez,false,wikipedia,Atacante,URU,"[{""name"":""Nacional"",""from"":2005,""to"":2006},{""name"":""Groningen"",""from"":2006,""to"":2007},{""name"":""Ajax"",""from"":2007,""to"":2011},{""name"":""Liverpool"",""from"":2011,""to"":2014},{""name"":""Barcelona"",""from"":2014,""to"":2020},{""name"":""Atlético Madrid"",""from"":2020,""to"":2022},{""name"":""Nacional"",""from"":2022,""to"":2023},{""name"":""Grêmio"",""from"":2023,""to"":2024},{""name"":""Inter Miami"",""from"":2024,""to"":2025}]",2005–2025,lendas-barcelona,Barcelona,
Luis Suárez Miramontes,false,fallback,Meia,ESP,"[{""name"":""Deportivo La Coruña"",""from"":1953,""to"":1954},{""name"":""Espanyol"",""from"":1954,""to"":1961},{""name"":""Inter Milan"",""from"":1961,""to"":1970}]",1953–1973,lendas-espanholas,,fallbackSource
Luka Modrić,true,legend,Meia,CRO,"[{""name"":""Dinamo Zagreb"",""from"":2003,""to"":2008},{""name"":""Tottenham"",""from"":2008,""to"":2012},{""name"":""Real Madrid"",""from"":2012,""to"":2026}]",2003–2026,lendas-champions;fenomenos-copa;meias-historicos;lendas-real-madrid,Real Madrid,
Maicon,false,fallback,Defensor,BRA,"[{""name"":""Cruzeiro"",""from"":2001,""to"":2004},{""name"":""Inter Milan"",""from"":2006,""to"":2012},{""name"":""Roma"",""from"":2012,""to"":2013}]",2001–2016,defensores-bra,,fallbackSource
Manuel Neuer,true,legend,Goleiro,GER,"[{""name"":""Schalke 04"",""from"":2004,""to"":2011},{""name"":""Bayern Munich"",""from"":2011,""to"":2026}]",2004–2026,lendas-champions;lendas-alemas;goleiros-historicos;lendas-bayern,Bayern,
Marc Overmars,false,fallback,Atacante,NED,"[{""name"":""Ajax"",""from"":1990,""to"":1996},{""name"":""Arsenal"",""from"":1997,""to"":2000},{""name"":""Barcelona"",""from"":2000,""to"":2004}]",1990–2009,lendas-holandesas,,fallbackSource
Marcel Desailly,false,fallback,Defensor,FRA,"[{""name"":""Nantes"",""from"":1986,""to"":1992},{""name"":""Marseille"",""from"":1992,""to"":1993},{""name"":""AC Milan"",""from"":1993,""to"":1998},{""name"":""Chelsea"",""from"":1998,""to"":2004}]",1986–2006,lendas-francesas;defensores-historicos,,fallbackSource
Marcelo,true,legend,Defensor,BRA,"[{""name"":""Fluminense"",""from"":2005,""to"":2007},{""name"":""Real Madrid"",""from"":2007,""to"":2022},{""name"":""Olympiacos"",""from"":2022,""to"":2023}]",2005–2023,defensores-bra;lendas-real-madrid,Real Madrid,
Marco Materazzi,false,fallback,Defensor,ITA,"[{""name"":""Perugia"",""from"":1995,""to"":1998},{""name"":""Everton"",""from"":1998,""to"":1999},{""name"":""Inter Milan"",""from"":2001,""to"":2011}]",1995–2011,lendas-italianas,,fallbackSource
Marco Reus,false,fallback,Atacante,GER,"[{""name"":""Borussia Dortmund"",""from"":2012,""to"":2024}]",2006–2024,lendas-alemas,,fallbackSource;singleClubOnly
Marco van Basten,false,fallback,Atacante,NED,"[{""name"":""Ajax"",""from"":1981,""to"":1987},{""name"":""AC Milan"",""from"":1987,""to"":1995}]",1981–1995,artilheiros-champions;lendas-holandesas;atacantes-historicos;lendas-milan,AC Milan,fallbackSource
Marcos,false,fallback,Goleiro,BRA,"[{""name"":""Palmeiras"",""from"":1993,""to"":2012}]",1993–2012,goleiros-bra,,fallbackSource;singleClubOnly
Mario Gómez,false,fallback,Atacante,GER,"[{""name"":""Stuttgart"",""from"":2003,""to"":2009},{""name"":""Bayern"",""from"":2009,""to"":2013},{""name"":""Fiorentina"",""from"":2013,""to"":2015},{""name"":""Beşiktaş"",""from"":2015,""to"":2016},{""name"":""VfL Wolfsburg"",""from"":2016,""to"":2018},{""name"":""Stuttgart"",""from"":2018,""to"":2020}]",2003–2020,lendas-bayern,Bayern,fallbackSource
Mario Kempes,false,fallback,Atacante,ARG,"[{""name"":""Instituto"",""from"":1970,""to"":1974},{""name"":""Valencia"",""from"":1976,""to"":1981},{""name"":""River Plate"",""from"":1981,""to"":1982}]",1970–1996,craques-argentinos;fenomenos-copa,,fallbackSource
Memphis Depay,false,fallback,Atacante,NED,"[{""name"":""PSV"",""from"":2011,""to"":2015},{""name"":""Manchester United"",""from"":2015,""to"":2017},{""name"":""Lyon"",""from"":2017,""to"":2021},{""name"":""Barcelona"",""from"":2022,""to"":2023}]",2011–2026,lendas-holandesas,,fallbackSource
Mesut Özil,false,wikipedia,Meia,GER,"[{""name"":""Schalke 04"",""from"":2006,""to"":2008},{""name"":""Werder Bremen"",""from"":2008,""to"":2010},{""name"":""Real Madrid"",""from"":2010,""to"":2013},{""name"":""Arsenal"",""from"":2013,""to"":2021},{""name"":""Fenerbahçe"",""from"":2021,""to"":2024}]",2006–2024,meias-historicos,,
Michael Ballack,false,wikipedia,Meia,GER,"[{""name"":""Kaiserslautern"",""from"":1997,""to"":1999},{""name"":""Bayer Leverkusen"",""from"":1999,""to"":2002},{""name"":""Bayern Munich"",""from"":2002,""to"":2006},{""name"":""Chelsea"",""from"":2006,""to"":2010}]",1995–2012,lendas-alemas,,
Michel Platini,false,fallback,Meia,FRA,"[{""name"":""Nancy"",""from"":1972,""to"":1979},{""name"":""Saint-Étienne"",""from"":1979,""to"":1982},{""name"":""Juventus"",""from"":1982,""to"":1987}]",1972–1987,lendas-francesas,,fallbackSource
Miranda,false,fallback,Defensor,BRA,"[{""name"":""Corinthians"",""from"":2005,""to"":2006},{""name"":""São Paulo"",""from"":2006,""to"":2011},{""name"":""Atlético Madrid"",""from"":2011,""to"":2014},{""name"":""Inter Milan"",""from"":2014,""to"":2017}]",2005–2020,defensores-bra,,fallbackSource
Miroslav Klose,false,fallback,Atacante,GER,"[{""name"":""Kaiserslautern"",""from"":1998,""to"":2004},{""name"":""Werder Bremen"",""from"":2004,""to"":2007},{""name"":""Bayern Munich"",""from"":2007,""to"":2011},{""name"":""Lazio"",""from"":2011,""to"":2016}]",1998–2016,lendas-alemas,,fallbackSource
Mohamed Salah,false,fallback,Atacante,EGY,"[{""name"":""Basel"",""from"":2012,""to"":2014},{""name"":""Chelsea"",""from"":2014,""to"":2015},{""name"":""Roma"",""from"":2015,""to"":2017},{""name"":""Liverpool"",""from"":2017,""to"":2026}]",2010–2026,lendas-champions;artilheiros-champions,,fallbackSource
N'Golo Kanté,false,fallback,Meia,FRA,"[{""name"":""Caen"",""from"":2013,""to"":2015},{""name"":""Leicester City"",""from"":2015,""to"":2016},{""name"":""Chelsea"",""from"":2016,""to"":2023},{""name"":""Al-Ittihad"",""from"":2023,""to"":2026}]",2013–2026,lendas-francesas,,fallbackSource
Nemanja Vidić,false,fallback,Defensor,SRB,"[{""name"":""Red Star Belgrade"",""from"":2000,""to"":2004},{""name"":""Spartak Moscow"",""from"":2004,""to"":2006},{""name"":""Manchester United"",""from"":2006,""to"":2014},{""name"":""Inter Milan"",""from"":2014,""to"":2016}]",2000–2016,lendas-manchester-united,Manchester United,fallbackSource
Neymar,true,legend,Atacante,BRA,"[{""name"":""Santos"",""from"":2009,""to"":2013},{""name"":""Barcelona"",""from"":2013,""to"":2017},{""name"":""PSG"",""from"":2017,""to"":2023}]",2009–2026,atacantes-bra;artilheiros-champions;atacantes-historicos;lendas-barcelona,Barcelona,
Nilton Santos,false,fallback,Defensor,BRA,"[{""name"":""Botafogo"",""from"":1948,""to"":1964}]",1948–1964,defensores-bra,,fallbackSource;singleClubOnly
Nuno Mendes,false,fallback,Defensor,POR,"[{""name"":""Sporting CP"",""from"":2020,""to"":2022},{""name"":""PSG"",""from"":2022,""to"":2026}]",2020–2026,lendas-portuguesas,,fallbackSource
Ole Gunnar Solskjær,false,fallback,Atacante,NOR,"[{""name"":""Manchester United"",""from"":1996,""to"":2007},{""name"":""Molde"",""from"":2007,""to"":2011}]",1995–2011,lendas-manchester-united,Manchester United,fallbackSource
Oliver Kahn,false,fallback,Goleiro,GER,"[{""name"":""Karlsruher SC"",""from"":1987,""to"":1994},{""name"":""Bayern"",""from"":1994,""to"":2008}]",1987–2008,lendas-alemas;goleiros-historicos;lendas-bayern,Bayern,fallbackSource
Oscar,false,fallback,Meia,BRA,"[{""name"":""Internacional"",""from"":2009,""to"":2012},{""name"":""Chelsea"",""from"":2012,""to"":2017},{""name"":""Shanghai SIPG"",""from"":2017,""to"":2024}]",2009–2026,meias-brasileiros,,fallbackSource
Palhinha,false,fallback,Meia,BRA,"[{""name"":""Botafogo"",""from"":2017,""to"":2019},{""name"":""Sporting CP"",""from"":2020,""to"":2022},{""name"":""Fulham"",""from"":2022,""to"":2024}]",2017–2026,goleiros-bra,,fallbackSource
Paolo Maldini,true,legend,Defensor,ITA,"[{""name"":""AC Milan"",""from"":1984,""to"":2009}]",1984–2009,lendas-champions;fenomenos-copa;lendas-italianas;defensores-historicos;lendas-milan,AC Milan,singleClubOnly
Patrice Evra,false,fallback,Defensor,FRA,"[{""name"":""Marsala"",""from"":1999,""to"":2000},{""name"":""Monaco"",""from"":2000,""to"":2006},{""name"":""Manchester United"",""from"":2006,""to"":2014},{""name"":""Juventus"",""from"":2014,""to"":2016},{""name"":""Marseille"",""from"":2016,""to"":2017},{""name"":""West Ham"",""from"":2018,""to"":2019}]",1999–2019,lendas-manchester-united,Manchester United,fallbackSource
Patrick Kluivert,false,fallback,Atacante,NED,"[{""name"":""Ajax"",""from"":1994,""to"":1997},{""name"":""AC Milan"",""from"":1997,""to"":1998},{""name"":""Barcelona"",""from"":1998,""to"":2004},{""name"":""PSV"",""from"":2004,""to"":2006}]",1994–2008,lendas-holandesas,,fallbackSource
Patrick Vieira,true,legend,Meia,FRA,"[{""name"":""Cannes"",""from"":1993,""to"":1994},{""name"":""AC Milan"",""from"":1995,""to"":1996},{""name"":""Arsenal"",""from"":1996,""to"":2005},{""name"":""Juventus"",""from"":2005,""to"":2006}]",1993–2011,lendas-francesas,,
Paul Pogba,false,wikipedia,Meia,FRA,"[{""name"":""Manchester United"",""from"":2009,""to"":2011},{""name"":""Juventus"",""from"":2012,""to"":2016},{""name"":""Manchester United"",""from"":2016,""to"":2022},{""name"":""Juventus"",""from"":2022,""to"":2024},{""name"":""Monaco"",""from"":2024,""to"":2026}]",2009–2026,meias-historicos,,
Paul Scholes,false,wikipedia,Meia,ENG,"[{""name"":""Manchester United"",""from"":1994,""to"":2013}]",1994–2013,lendas-inglaterra;lendas-manchester-united,Manchester United,singleClubOnly
Pauleta,false,fallback,Atacante,POR,"[{""name"":""Salamanca"",""from"":1995,""to"":1997},{""name"":""Bordeaux"",""from"":2000,""to"":2003},{""name"":""PSG"",""from"":2003,""to"":2008}]",1995–2008,lendas-portuguesas,,fallbackSource
Paulinho,false,fallback,Meia,BRA,"[{""name"":""Corinthians"",""from"":2010,""to"":2013},{""name"":""Tottenham"",""from"":2013,""to"":2015},{""name"":""Guangzhou Evergrande"",""from"":2015,""to"":2017},{""name"":""Barcelona"",""from"":2017,""to"":2018}]",2010–2024,meias-brasileiros,,fallbackSource
Paulo Futre,false,fallback,Atacante,POR,"[{""name"":""Porto"",""from"":1983,""to"":1986},{""name"":""Atlético Madrid"",""from"":1987,""to"":1993},{""name"":""AC Milan"",""from"":1993,""to"":1994},{""name"":""West Ham"",""from"":1995,""to"":1996}]",1983–1998,lendas-portuguesas,,fallbackSource
Paulo Sousa,false,fallback,Meia,POR,"[{""name"":""Benfica"",""from"":1988,""to"":1994},{""name"":""Juventus"",""from"":1994,""to"":1996},{""name"":""Borussia Dortmund"",""from"":1996,""to"":1997},{""name"":""Inter Milan"",""from"":1997,""to"":1998}]",1988–2003,lendas-portuguesas,,fallbackSource
Pelé,true,legend,Meia,BRA,"[{""name"":""Santos"",""from"":1956,""to"":1974},{""name"":""New York Cosmos"",""from"":1975,""to"":1977}]",1956–1977,atacantes-bra;fenomenos-copa;atacantes-historicos,,
Pepe,false,fallback,Defensor,POR,"[{""name"":""Marítimo"",""from"":2001,""to"":2003},{""name"":""Porto"",""from"":2003,""to"":2007},{""name"":""Real Madrid"",""from"":2007,""to"":2017},{""name"":""Beşiktaş"",""from"":2017,""to"":2018}]",2001–2023,lendas-portuguesas,,fallbackSource
Peter Schmeichel,false,fallback,Goleiro,DEN,"[{""name"":""Brøndby"",""from"":1987,""to"":1991},{""name"":""Manchester United"",""from"":1991,""to"":1999},{""name"":""Sporting CP"",""from"":1999,""to"":2001},{""name"":""Aston Villa"",""from"":2001,""to"":2002},{""name"":""Manchester City"",""from"":2002,""to"":2003}]",1981–2003,goleiros-historicos;lendas-manchester-united,Manchester United,fallbackSource
Petr Čech,false,wikipedia,Goleiro,CZE,"[{""name"":""Sparta Prague"",""from"":2001,""to"":2002},{""name"":""Rennes"",""from"":2002,""to"":2004},{""name"":""Chelsea"",""from"":2004,""to"":2015},{""name"":""Arsenal"",""from"":2015,""to"":2019}]",2001–2019,goleiros-historicos,,
Philipp Lahm,false,fallback,Defensor,GER,"[{""name"":""Bayern"",""from"":2002,""to"":2017}]",2002–2017,lendas-alemas;defensores-historicos;lendas-bayern,Bayern,fallbackSource;singleClubOnly
Raí,false,fallback,Meia,BRA,"[{""name"":""Botafogo"",""from"":1985,""to"":1987},{""name"":""São Paulo"",""from"":1987,""to"":1993},{""name"":""PSG"",""from"":1993,""to"":1998}]",1985–2000,meias-brasileiros,,fallbackSource
Raphinha,false,wikipedia,Atacante,BRA,"[{""name"":""Vitória"",""from"":2014,""to"":2016},{""name"":""Sporting CP"",""from"":2016,""to"":2018},{""name"":""Rennes"",""from"":2018,""to"":2020},{""name"":""Leeds United"",""from"":2020,""to"":2022},{""name"":""Barcelona"",""from"":2022,""to"":2026}]",2014–2026,atacantes-bra,,
Raúl González,false,fallback,Atacante,ESP,"[{""name"":""Real Madrid"",""from"":1994,""to"":2010},{""name"":""Schalke 04"",""from"":2010,""to"":2012},{""name"":""Al Sadd"",""from"":2012,""to"":2013},{""name"":""New York Cosmos"",""from"":2014,""to"":2015}]",1994–2015,lendas-champions;artilheiros-champions;lendas-espanholas;lendas-real-madrid,Real Madrid,fallbackSource
Renato Gaúcho,false,fallback,Meia,BRA,"[{""name"":""Grêmio"",""from"":1980,""to"":1986},{""name"":""Flamengo"",""from"":1986,""to"":1987},{""name"":""Grêmio"",""from"":1988,""to"":1991}]",1980–2007,idolos-brasileirao,,fallbackSource
Renato Sanches,false,fallback,Meia,POR,"[{""name"":""Benfica"",""from"":2014,""to"":2016},{""name"":""Bayern Munich"",""from"":2016,""to"":2020},{""name"":""Lille"",""from"":2021,""to"":2022}]",2014–2026,lendas-portuguesas,,fallbackSource
Ricardo Carvalho,false,fallback,Defensor,POR,"[{""name"":""Porto"",""from"":1998,""to"":2004},{""name"":""Chelsea"",""from"":2004,""to"":2010},{""name"":""Real Madrid"",""from"":2010,""to"":2013},{""name"":""Monaco"",""from"":2013,""to"":2016}]",1998–2017,lendas-portuguesas,,fallbackSource
Rio Ferdinand,false,wikipedia,Defensor,ENG,"[{""name"":""West Ham"",""from"":1995,""to"":2000},{""name"":""Leeds United"",""from"":2000,""to"":2002},{""name"":""Manchester United"",""from"":2002,""to"":2014},{""name"":""Queens Park Rangers"",""from"":2014,""to"":2015}]",1995–2015,defensores-historicos;lendas-manchester-united,Manchester United,
Rivaldo,true,legend,Atacante,BRA,"[{""name"":""Palmeiras"",""from"":1993,""to"":1996},{""name"":""Deportivo La Coruña"",""from"":1996,""to"":1997},{""name"":""Barcelona"",""from"":1997,""to"":2002},{""name"":""AC Milan"",""from"":2002,""to"":2003}]",1991–2014,atacantes-bra;idolos-brasileirao;meias-brasileiros;lendas-barcelona;lendas-milan,Barcelona;AC Milan,
Rivelino,false,fallback,Meia,BRA,"[{""name"":""Corinthians"",""from"":1965,""to"":1974},{""name"":""Fluminense"",""from"":1975,""to"":1978},{""name"":""Al-Hilal"",""from"":1979,""to"":1981}]",1965–1981,idolos-brasileirao;meias-brasileiros;fenomenos-copa,,fallbackSource
Robert Lewandowski,false,fallback,Atacante,POL,"[{""name"":""Lech Poznań"",""from"":2006,""to"":2008},{""name"":""Borussia Dortmund"",""from"":2010,""to"":2014},{""name"":""Bayern"",""from"":2014,""to"":2022},{""name"":""Barcelona"",""from"":2022,""to"":2026}]",2006–2026,lendas-champions;artilheiros-champions;atacantes-historicos;lendas-bayern,Bayern,fallbackSource
Roberto Baggio,false,fallback,Atacante,ITA,"[{""name"":""Vicenza"",""from"":1982,""to"":1985},{""name"":""Fiorentina"",""from"":1985,""to"":1990},{""name"":""Juventus"",""from"":1990,""to"":1995},{""name"":""AC Milan"",""from"":1995,""to"":1997},{""name"":""Bologna"",""from"":1997,""to"":1998},{""name"":""Inter Milan"",""from"":1998,""to"":2000},{""name"":""Brescia"",""from"":2000,""to"":2004}]",1982–2004,lendas-italianas;lendas-milan,AC Milan,fallbackSource
Roberto Carlos,true,legend,Defensor,BRA,"[{""name"":""Palmeiras"",""from"":1991,""to"":1993},{""name"":""Inter Milan"",""from"":1995,""to"":1996},{""name"":""Real Madrid"",""from"":1996,""to"":2007},{""name"":""Corinthians"",""from"":2010,""to"":2012}]",1991–2012,defensores-bra;defensores-historicos;lendas-real-madrid,Real Madrid,
Roberto Dinamite,false,fallback,Atacante,BRA,"[{""name"":""Vasco da Gama"",""from"":1969,""to"":1979},{""name"":""Barcelona"",""from"":1980,""to"":1981},{""name"":""Vasco da Gama"",""from"":1981,""to"":1993}]",1969–1993,atacantes-bra,,fallbackSource
Robin van Persie,false,wikipedia,Atacante,NED,"[{""name"":""Feyenoord"",""from"":2001,""to"":2004},{""name"":""Arsenal"",""from"":2004,""to"":2012},{""name"":""Manchester United"",""from"":2012,""to"":2015},{""name"":""Fenerbahçe"",""from"":2015,""to"":2018},{""name"":""Feyenoord"",""from"":2018,""to"":2019}]",2001–2019,lendas-holandesas;lendas-manchester-united,Manchester United,
Robinho,false,fallback,Atacante,BRA,"[{""name"":""Santos"",""from"":2002,""to"":2005},{""name"":""Real Madrid"",""from"":2005,""to"":2008},{""name"":""Manchester City"",""from"":2008,""to"":2010},{""name"":""AC Milan"",""from"":2010,""to"":2015}]",2002–2020,meias-brasileiros,,fallbackSource
Rodrygo,false,wikipedia,Atacante,BRA,"[{""name"":""Santos"",""from"":2017,""to"":2019},{""name"":""Real Madrid"",""from"":2019,""to"":2026}]",2017–2026,atacantes-bra,,
Rogério Ceni,false,fallback,Goleiro,BRA,"[{""name"":""São Paulo"",""from"":1990,""to"":2015}]",1990–2015,goleiros-bra;goleiros-historicos,,fallbackSource;singleClubOnly
Romário,true,legend,Atacante,BRA,"[{""name"":""Vasco da Gama"",""from"":1985,""to"":1988},{""name"":""PSV"",""from"":1988,""to"":1993},{""name"":""Barcelona"",""from"":1993,""to"":1995},{""name"":""Flamengo"",""from"":1995,""to"":1999}]",1985–2009,atacantes-bra;idolos-brasileirao;atacantes-historicos;lendas-barcelona,Barcelona,
Ronald Koeman,false,wikipedia,Defensor,NED,"[{""name"":""Groningen"",""from"":1980,""to"":1983},{""name"":""Ajax"",""from"":1983,""to"":1986},{""name"":""PSV"",""from"":1986,""to"":1989},{""name"":""Barcelona"",""from"":1989,""to"":1995}]",1980–1997,lendas-holandesas,,
Ronaldinho,true,legend,Meia,BRA,"[{""name"":""Grêmio"",""from"":1998,""to"":2001},{""name"":""Paris Saint-Germain"",""from"":2001,""to"":2003},{""name"":""Barcelona"",""from"":2003,""to"":2008},{""name"":""AC Milan"",""from"":2009,""to"":2011}]",1998–2015,atacantes-bra;idolos-brasileirao;meias-brasileiros;meias-historicos;lendas-barcelona;lendas-milan,Barcelona;AC Milan,
Ronaldo Nazário,true,legend,Atacante,BRA,"[{""name"":""Cruzeiro"",""from"":1993,""to"":1994},{""name"":""PSV"",""from"":1994,""to"":1996},{""name"":""Barcelona"",""from"":1996,""to"":1997},{""name"":""Inter Milan"",""from"":1997,""to"":2002},{""name"":""Real Madrid"",""from"":2002,""to"":2007}]",1993–2011,atacantes-bra;fenomenos-copa;artilheiros-champions;atacantes-historicos;lendas-real-madrid,Real Madrid,
Roy Keane,false,fallback,Meia,IRL,"[{""name"":""Nottingham Forest"",""from"":1989,""to"":1993},{""name"":""Manchester United"",""from"":1993,""to"":2005},{""name"":""Celtic"",""from"":2005,""to"":2006}]",1989–2006,lendas-manchester-united,Manchester United,fallbackSource
Roy Makaay,false,fallback,Atacante,NED,"[{""name"":""Vitesse"",""from"":1993,""to"":1997},{""name"":""Deportivo La Coruña"",""from"":1997,""to"":1999},{""name"":""Bayern Munich"",""from"":1999,""to"":2007}]",1993–2010,lendas-holandesas,,fallbackSource
Rúben Dias,false,fallback,Defensor,POR,"[{""name"":""Benfica"",""from"":2015,""to"":2017},{""name"":""AS Monaco"",""from"":2017,""to"":2019},{""name"":""Manchester City"",""from"":2020,""to"":2026}]",2015–2026,lendas-portuguesas,,fallbackSource
Rui Costa,false,fallback,Meia,POR,"[{""name"":""Benfica"",""from"":1990,""to"":1994},{""name"":""Fiorentina"",""from"":1994,""to"":1998},{""name"":""AC Milan"",""from"":1998,""to"":2006}]",1990–2010,lendas-portuguesas;meias-historicos,,fallbackSource
Ruud Gullit,false,fallback,Meia,NED,"[{""name"":""Haarlem"",""from"":1979,""to"":1982},{""name"":""Feyenoord"",""from"":1982,""to"":1985},{""name"":""PSV"",""from"":1985,""to"":1987},{""name"":""AC Milan"",""from"":1987,""to"":1993},{""name"":""Sampdoria"",""from"":1993,""to"":1994},{""name"":""Chelsea"",""from"":1995,""to"":1998}]",1979–1998,lendas-holandesas;lendas-milan,AC Milan,fallbackSource
Ruud Krol,false,fallback,Defensor,NED,"[{""name"":""Ajax"",""from"":1968,""to"":1980},{""name"":""Napoli"",""from"":1980,""to"":1982},{""name"":""Marseille"",""from"":1982,""to"":1984}]",1968–1986,lendas-holandesas,,fallbackSource
Ruud van Nistelrooy,false,fallback,Atacante,NED,"[{""name"":""PSV"",""from"":1998,""to"":2001},{""name"":""Manchester United"",""from"":2001,""to"":2006},{""name"":""Real Madrid"",""from"":2006,""to"":2010},{""name"":""Hamburg"",""from"":2010,""to"":2012},{""name"":""Málaga"",""from"":2011,""to"":2012}]",1994–2012,artilheiros-champions;lendas-holandesas;atacantes-historicos;lendas-real-madrid;lendas-manchester-united,Real Madrid;Manchester United,fallbackSource
Ryan Giggs,false,fallback,Meia,WAL,"[{""name"":""Manchester United"",""from"":1991,""to"":2014}]",1990–2014,lendas-manchester-united,Manchester United,fallbackSource;singleClubOnly
Samuel Eto'o,false,fallback,Atacante,CMR,"[{""name"":""Real Madrid"",""from"":1997,""to"":2000},{""name"":""Mallorca"",""from"":2000,""to"":2004},{""name"":""Barcelona"",""from"":2004,""to"":2009},{""name"":""Inter Milan"",""from"":2009,""to"":2011},{""name"":""Anzhi"",""from"":2011,""to"":2013},{""name"":""Chelsea"",""from"":2013,""to"":2014},{""name"":""Everton"",""from"":2014,""to"":2015},{""name"":""Sampdoria"",""from"":2015,""to"":2016},{""name"":""Antalyaspor"",""from"":2016,""to"":2018}]",1997–2019,artilheiros-champions;atacantes-historicos;lendas-barcelona,Barcelona,fallbackSource
Sandro Mazzola,false,wikipedia,Atacante,ITA,"[{""name"":""Inter Milan"",""from"":1960,""to"":1977}]",1960–1977,lendas-italianas,,singleClubOnly
Sepp Maier,false,fallback,Goleiro,GER,"[{""name"":""Bayern Munich"",""from"":1962,""to"":1979}]",1962–1979,lendas-alemas,,fallbackSource;singleClubOnly
Serginho,false,fallback,Defensor,BRA,"[{""name"":""São Paulo"",""from"":1984,""to"":1989},{""name"":""AC Milan"",""from"":1989,""to"":2005}]",1984–2008,defensores-bra,,fallbackSource
Sergio Agüero,false,fallback,Atacante,ARG,"[{""name"":""Independiente"",""from"":2003,""to"":2006},{""name"":""Atlético Madrid"",""from"":2006,""to"":2011},{""name"":""Manchester City"",""from"":2011,""to"":2021},{""name"":""Barcelona"",""from"":2021,""to"":2021}]",2003–2021,craques-argentinos;artilheiros-champions;atacantes-historicos,,fallbackSource
Sergio Busquets,true,legend,Meia,ESP,"[{""name"":""Barcelona"",""from"":2008,""to"":2023},{""name"":""Inter Miami"",""from"":2023,""to"":2024}]",2006–2024,lendas-barcelona,Barcelona,
Sergio Ramos,true,legend,Defensor,ESP,"[{""name"":""Sevilla"",""from"":2003,""to"":2005},{""name"":""Real Madrid"",""from"":2005,""to"":2021},{""name"":""PSG"",""from"":2021,""to"":2023}]",2003–2023,lendas-espanholas;defensores-historicos;lendas-real-madrid,Real Madrid,
Sócrates,true,legend,Meia,BRA,"[{""name"":""Botafogo-SP"",""from"":1974,""to"":1978},{""name"":""Corinthians"",""from"":1978,""to"":1984},{""name"":""Fiorentina"",""from"":1984,""to"":1985}]",1974–1989,idolos-brasileirao;meias-brasileiros;fenomenos-copa,,
Steven Gerrard,true,legend,Meia,ENG,"[{""name"":""Liverpool"",""from"":1998,""to"":2015},{""name"":""LA Galaxy"",""from"":2015,""to"":2016}]",1998–2016,lendas-inglaterra;meias-historicos,,
Sylvain Wiltord,false,fallback,Atacante,FRA,"[{""name"":""Rennes"",""from"":1994,""to"":1997},{""name"":""Bordeaux"",""from"":1997,""to"":2000},{""name"":""Arsenal"",""from"":2000,""to"":2004},{""name"":""Lyon"",""from"":2004,""to"":2007}]",1994–2012,lendas-francesas,,fallbackSource
Taffarel,true,legend,Goleiro,BRA,"[{""name"":""Internacional"",""from"":1985,""to"":1988},{""name"":""Grêmio"",""from"":1988,""to"":1998},{""name"":""Galatasaray"",""from"":2001,""to"":2002}]",1985–2003,idolos-brasileirao;goleiros-bra;goleiros-historicos,,
Thiago Silva,false,fallback,Defensor,BRA,"[{""name"":""Fluminense"",""from"":2002,""to"":2004},{""name"":""AC Milan"",""from"":2009,""to"":2012},{""name"":""PSG"",""from"":2012,""to"":2020},{""name"":""Chelsea"",""from"":2020,""to"":2024}]",2002–2024,defensores-bra;defensores-historicos,,fallbackSource
Thierry Henry,true,legend,Atacante,FRA,"[{""name"":""Monaco"",""from"":1994,""to"":1999},{""name"":""Arsenal"",""from"":1999,""to"":2007},{""name"":""Barcelona"",""from"":2007,""to"":2010}]",1994–2014,lendas-champions;fenomenos-copa;artilheiros-champions;lendas-francesas;atacantes-historicos,,
Thomas Müller,false,wikipedia,Atacante,GER,"[{""name"":""Bayern"",""from"":2008,""to"":2026}]",2008–2026,lendas-champions;artilheiros-champions;lendas-alemas;lendas-bayern,Bayern,singleClubOnly
Toni Kroos,false,fallback,Meia,GER,"[{""name"":""Bayern"",""from"":2007,""to"":2009},{""name"":""Bayer Leverkusen"",""from"":2009,""to"":2014},{""name"":""Real Madrid"",""from"":2014,""to"":2024}]",2007–2024,lendas-champions;lendas-alemas;meias-historicos;lendas-real-madrid,Real Madrid,fallbackSource
Túlio Maravilha,false,wikipedia,Atacante,BRA,"[{""name"":""Goiás"",""from"":1988,""to"":1991},{""name"":""Botafogo"",""from"":1991,""to"":1994},{""name"":""Vitória"",""from"":1994,""to"":1996},{""name"":""Atlético Mineiro"",""from"":1996,""to"":1998}]",1988–2012,atacantes-bra,,
Victor,false,fallback,Goleiro,BRA,"[{""name"":""Grêmio"",""from"":2006,""to"":2012},{""name"":""Atlético Mineiro"",""from"":2012,""to"":2021}]",2006–2021,goleiros-bra,,fallbackSource
Vinícius Júnior,false,wikipedia,Atacante,BRA,"[{""name"":""Flamengo"",""from"":2017,""to"":2018},{""name"":""Real Madrid"",""from"":2018,""to"":2026}]",2017–2026,atacantes-bra,,
Virgil van Dijk,false,fallback,Defensor,NED,"[{""name"":""Groningen"",""from"":2010,""to"":2011},{""name"":""Celtic"",""from"":2013,""to"":2015},{""name"":""Southampton"",""from"":2015,""to"":2018},{""name"":""Liverpool"",""from"":2018,""to"":2026}]",2010–2026,defensores-historicos,,fallbackSource
Vitinha,false,fallback,Meia,POR,"[{""name"":""Porto"",""from"":2020,""to"":2022},{""name"":""PSG"",""from"":2022,""to"":2026}]",2020–2026,lendas-portuguesas,,fallbackSource
Walter Zenga,false,fallback,Goleiro,ITA,"[{""name"":""Inter Milan"",""from"":1983,""to"":1994},{""name"":""Internacional"",""from"":1994,""to"":1995},{""name"":""Padova"",""from"":1995,""to"":1997},{""name"":""Venezia"",""from"":1997,""to"":1999},{""name"":""Arezzo"",""from"":1999,""to"":2003}]",1983–2003,goleiros-historicos,,fallbackSource
Wayne Rooney,false,wikipedia,Atacante,ENG,"[{""name"":""Everton"",""from"":2002,""to"":2004},{""name"":""Manchester United"",""from"":2004,""to"":2017},{""name"":""Everton"",""from"":2017,""to"":2018},{""name"":""DC United"",""from"":2018,""to"":2020},{""name"":""Derby County"",""from"":2020,""to"":2021}]",2002–2021,lendas-inglaterra;lendas-manchester-united,Manchester United,
Weverton,false,fallback,Goleiro,BRA,"[{""name"":""Fortaleza"",""from"":2008,""to"":2012},{""name"":""Atlético Paranaense"",""from"":2012,""to"":2018},{""name"":""Palmeiras"",""from"":2018,""to"":2026}]",2008–2026,goleiros-bra,,fallbackSource
Xavi,true,legend,Meia,ESP,"[{""name"":""Barcelona"",""from"":1998,""to"":2015},{""name"":""Al Sadd"",""from"":2015,""to"":2019}]",1998–2019,,,legendOnly
Xavi Hernández,false,fallback,Meia,ESP,"[{""name"":""Barcelona"",""from"":1998,""to"":2015},{""name"":""Al Sadd"",""from"":2015,""to"":2019}]",1998–2019,lendas-champions;lendas-espanholas;meias-historicos;lendas-barcelona,Barcelona,fallbackSource
Zagallo,false,fallback,Atacante,BRA,"[{""name"":""Flamengo"",""from"":1951,""to"":1958},{""name"":""Botafogo"",""from"":1958,""to"":1965}]",1951–1967,defensores-bra,,fallbackSource
Zico,true,legend,Meia,BRA,"[{""name"":""Flamengo"",""from"":1971,""to"":1983},{""name"":""Udinese"",""from"":1983,""to"":1985},{""name"":""Flamengo"",""from"":1985,""to"":1989}]",1971–1994,idolos-brasileirao;meias-brasileiros;meias-historicos,,
Zinedine Zidane,true,legend,Meia,FRA,"[{""name"":""Cannes"",""from"":1989,""to"":1992},{""name"":""Bordeaux"",""from"":1992,""to"":1996},{""name"":""Juventus"",""from"":1996,""to"":2001},{""name"":""Real Madrid"",""from"":2001,""to"":2006}]",1989–2006,lendas-champions;fenomenos-copa;lendas-francesas;meias-historicos;lendas-real-madrid,Real Madrid,
Zlatan Ibrahimović,false,wikipedia,Atacante,SWE,"[{""name"":""Malmö"",""from"":1999,""to"":2001},{""name"":""Ajax"",""from"":2001,""to"":2004},{""name"":""Juventus"",""from"":2004,""to"":2006},{""name"":""Inter Milan"",""from"":2006,""to"":2009},{""name"":""Barcelona"",""from"":2009,""to"":2011},{""name"":""AC Milan"",""from"":2010,""to"":2012},{""name"":""PSG"",""from"":2012,""to"":2016},{""name"":""Manchester United"",""from"":2016,""to"":2018},{""name"":""LA Galaxy"",""from"":2018,""to"":2019},{""name"":""AC Milan"",""from"":2020,""to"":2023}]",1999–2023,lendas-milan,AC Milan,
